scenario,profile,slot_count,group,prefill_batch,decode_batch,chunk_tokens_per_request,mean_decode_context_tokens,samples,gpu_mean_ms,gpu_median_ms,gpu_p95_ms,gpu_max_ms
prefill_bs1,prefill,16,prefill_cache_commit,1,0,128,0,48,0.003706,0.004096,0.004096,0.004096
prefill_bs1,prefill,16,prefill_engine,1,0,128,0,48,18.267312541666666,18.285056,18.3286896,18.392063
prefill_bs1,prefill,16,prefill_prepare,1,0,128,0,48,0.028035333333333332,0.026624,0.029696,0.078752
prefill_bs1,prefill,16,prefill_sample,1,0,128,0,48,0.022030666666666667,0.02192,0.026355199999999995,0.028064
prefill_bs2,prefill,16,prefill_cache_commit,1,0,128,0,2,0.003072,0.003072,0.003072,0.003072
prefill_bs2,prefill,16,prefill_cache_commit,2,0,128,0,23,0.0033961739130434782,0.003072,0.004096,0.004096
prefill_bs2,prefill,16,prefill_engine,1,0,128,0,2,18.406912,18.406912,18.5170432,18.52928
prefill_bs2,prefill,16,prefill_engine,2,0,128,0,23,24.421743217391306,24.476671,24.5176319,24.579073
prefill_bs2,prefill,16,prefill_prepare,1,0,128,0,2,0.052736,0.052736,0.07623680000000001,0.078848
prefill_bs2,prefill,16,prefill_prepare,2,0,128,0,23,0.03335930434782609,0.032768,0.0348,0.036224
prefill_bs2,prefill,16,prefill_sample,1,0,128,0,2,0.023632,0.023632,0.027016,0.027392
prefill_bs2,prefill,16,prefill_sample,2,0,128,0,23,0.021129739130434783,0.020896,0.024992,0.026016
prefill_bs4,prefill,16,prefill_cache_commit,1,0,128,0,1,0.004096,0.004096,0.004096,0.004096
prefill_bs4,prefill,16,prefill_cache_commit,3,0,128,0,1,0.004096,0.004096,0.004096,0.004096
prefill_bs4,prefill,16,prefill_cache_commit,4,0,128,0,11,0.0038545454545454542,0.004096,0.004096,0.004096
prefill_bs4,prefill,16,prefill_engine,1,0,128,0,1,18.262016,18.262016,18.262016,18.262016
prefill_bs4,prefill,16,prefill_engine,3,0,128,0,1,35.071262,35.071262,35.071262,35.071262
prefill_bs4,prefill,16,prefill_engine,4,0,128,0,11,41.496855000000004,41.624577,41.806846500000006,41.908222
prefill_bs4,prefill,16,prefill_prepare,1,0,128,0,1,0.077824,0.077824,0.077824,0.077824
prefill_bs4,prefill,16,prefill_prepare,3,0,128,0,1,0.047936,0.047936,0.047936,0.047936
prefill_bs4,prefill,16,prefill_prepare,4,0,128,0,11,0.04786909090909091,0.047968,0.050176,0.0512
prefill_bs4,prefill,16,prefill_sample,1,0,128,0,1,0.022464,0.022464,0.022464,0.022464
prefill_bs4,prefill,16,prefill_sample,3,0,128,0,1,0.02704,0.02704,0.02704,0.02704
prefill_bs4,prefill,16,prefill_sample,4,0,128,0,11,0.032820363636363634,0.03216,0.035232,0.035232
prefill_bs8,prefill,16,prefill_cache_commit,1,0,128,0,1,0.003072,0.003072,0.003072,0.003072
prefill_bs8,prefill,16,prefill_cache_commit,7,0,128,0,1,0.004096,0.004096,0.004096,0.004096
prefill_bs8,prefill,16,prefill_cache_commit,8,0,128,0,5,0.0037056,0.004096,0.004096,0.004096
prefill_bs8,prefill,16,prefill_engine,1,0,128,0,1,18.697216,18.697216,18.697216,18.697216
prefill_bs8,prefill,16,prefill_engine,7,0,128,0,1,68.100098,68.100098,68.100098,68.100098
prefill_bs8,prefill,16,prefill_engine,8,0,128,0,5,74.2932678,74.597374,74.6082324,74.608643
prefill_bs8,prefill,16,prefill_prepare,1,0,128,0,1,0.080832,0.080832,0.080832,0.080832
prefill_bs8,prefill,16,prefill_prepare,7,0,128,0,1,0.064512,0.064512,0.064512,0.064512
prefill_bs8,prefill,16,prefill_prepare,8,0,128,0,5,0.0677056,0.067584,0.0690944,0.069216
prefill_bs8,prefill,16,prefill_sample,1,0,128,0,1,0.0264,0.0264,0.0264,0.0264
prefill_bs8,prefill,16,prefill_sample,7,0,128,0,1,0.04368,0.04368,0.04368,0.04368
prefill_bs8,prefill,16,prefill_sample,8,0,128,0,5,0.051545600000000004,0.051552,0.0535936,0.0536
prefill_bs16,prefill,16,prefill_cache_commit,1,0,128,0,1,0.004096,0.004096,0.004096,0.004096
prefill_bs16,prefill,16,prefill_cache_commit,15,0,128,0,1,0.004096,0.004096,0.004096,0.004096
prefill_bs16,prefill,16,prefill_cache_commit,16,0,128,0,2,0.003584,0.003584,0.0040447999999999994,0.004096
prefill_bs16,prefill,16,prefill_engine,1,0,128,0,1,18.697216,18.697216,18.697216,18.697216
prefill_bs16,prefill,16,prefill_engine,15,0,128,0,1,136.523773,136.523773,136.523773,136.523773
prefill_bs16,prefill,16,prefill_engine,16,0,128,0,2,142.833664,142.833664,143.6326858,143.721466
prefill_bs16,prefill,16,prefill_prepare,1,0,128,0,1,0.078848,0.078848,0.078848,0.078848
prefill_bs16,prefill,16,prefill_prepare,15,0,128,0,1,0.106304,0.106304,0.106304,0.106304
prefill_bs16,prefill,16,prefill_prepare,16,0,128,0,2,0.11003199999999999,0.11003199999999999,0.114136,0.114592
prefill_bs16,prefill,16,prefill_sample,1,0,128,0,1,0.029504,0.029504,0.029504,0.029504
prefill_bs16,prefill,16,prefill_sample,15,0,128,0,1,0.08752,0.08752,0.08752,0.08752
prefill_bs16,prefill,16,prefill_sample,16,0,128,0,2,0.091504,0.091504,0.0915184,0.09152
decode_bs1,decode,16,decode_engine,0,1,0,128,16,6.274622,6.2596,6.340184,6.492512
decode_bs1,decode,16,decode_engine,0,1,0,129,20,6.2685232,6.260016,6.312784,6.422528
decode_bs1,decode,16,decode_engine,0,1,0,130,22,6.263298909090909,6.259232000000001,6.273945599999999,6.401024
decode_bs1,decode,16,decode_engine,0,1,0,131,23,6.2649168695652175,6.257664,6.3201279999999995,6.369472
decode_bs1,decode,16,decode_engine,0,1,0,132,24,6.272085333333333,6.260016,6.3252992,6.350848
decode_bs1,decode,16,decode_engine,0,1,0,133,24,6.256722666666667,6.25728,6.2757888,6.295552
decode_bs1,decode,16,decode_engine,0,1,0,134,24,6.259154666666666,6.257744000000001,6.280649599999999,6.36752
decode_bs1,decode,16,decode_engine,0,1,0,135,24,6.259032,6.256816000000001,6.2901248,6.314272
decode_bs1,decode,16,decode_engine,0,1,0,136,24,6.259881333333333,6.254768,6.3318016,6.335968
decode_bs1,decode,16,decode_engine,0,1,0,137,24,6.274626666666666,6.258176000000001,6.336921599999999,6.353024
decode_bs1,decode,16,decode_engine,0,1,0,138,24,6.283354666666667,6.30104,6.3394688,6.356992
decode_bs1,decode,16,decode_engine,0,1,0,139,24,6.283033333333333,6.301888,6.3138304,6.329504
decode_bs1,decode,16,decode_engine,0,1,0,140,24,6.2998813333333334,6.3027999999999995,6.3796656,6.493216
decode_bs1,decode,16,decode_engine,0,1,0,141,24,6.32318,6.311424000000001,6.5110528,6.566912
decode_bs1,decode,16,decode_engine,0,1,0,142,24,6.3022133333333334,6.310128000000001,6.4319999999999995,6.475936
decode_bs1,decode,16,decode_engine,0,1,0,143,24,6.299141333333333,6.308592,6.344448000000001,6.356224
decode_bs1,decode,16,decode_engine,0,1,0,144,24,6.292973333333333,6.306816,6.321152,6.327296
decode_bs1,decode,16,decode_engine,0,1,0,145,24,6.299957333333333,6.30592,6.3449599999999995,6.351872
decode_bs1,decode,16,decode_engine,0,1,0,146,24,6.298928,6.302944,6.3265215999999995,6.335488
decode_bs1,decode,16,decode_engine,0,1,0,147,24,6.290426666666667,6.289056,6.3125216,6.335488
decode_bs1,decode,16,decode_engine,0,1,0,148,24,6.376422666666667,6.295088,6.5051136,7.966976
decode_bs1,decode,16,decode_engine,0,1,0,149,20,6.2980096,6.28808,6.3516032000000004,6.516736
decode_bs1,decode,16,decode_engine,0,1,0,150,24,6.281010666666667,6.279680000000001,6.2957152,6.548672
decode_bs1,decode,16,decode_engine,1,1,128,128,8,8.627968,8.64256,8.646246399999999,8.64768
decode_bs1,decode,16,decode_engine,1,1,128,129,4,8.619008000000001,8.60672,8.6752768,8.685568
decode_bs1,decode,16,decode_engine,1,1,128,130,2,8.62976,8.62976,8.6569472,8.659968
decode_bs1,decode,16,decode_engine,1,1,128,131,1,8.59648,8.59648,8.59648,8.59648
decode_bs1,decode,16,decode_engine,1,1,128,149,4,8.68224,8.668672,8.7227392,8.731648
decode_bs1,decode,16,decode_prepare,0,1,0,128,16,0.016798,0.016384,0.017664,0.018432
decode_bs1,decode,16,decode_prepare,0,1,0,129,20,0.0183904,0.01648,0.030702400000000005,0.03584
decode_bs1,decode,16,decode_prepare,0,1,0,130,22,0.016888727272727274,0.01704,0.0174032,0.017408
decode_bs1,decode,16,decode_prepare,0,1,0,131,23,0.01668313043478261,0.016448,0.017408,0.017408
decode_bs1,decode,16,decode_prepare,0,1,0,132,24,0.017,0.017104,0.0175168,0.019904
decode_bs1,decode,16,decode_prepare,0,1,0,133,24,0.016742666666666666,0.016399999999999998,0.017408,0.017984
decode_bs1,decode,16,decode_prepare,0,1,0,134,24,0.016638666666666666,0.016384,0.017408,0.017408
decode_bs1,decode,16,decode_prepare,0,1,0,135,24,0.016645333333333335,0.016384,0.017408,0.017408
decode_bs1,decode,16,decode_prepare,0,1,0,136,24,0.016521333333333332,0.016384,0.0173152,0.017568
decode_bs1,decode,16,decode_prepare,0,1,0,137,24,0.016566666666666667,0.016384,0.0173024,0.017408
decode_bs1,decode,16,decode_prepare,0,1,0,138,24,0.016526666666666665,0.016384,0.0171472,0.017216
decode_bs1,decode,16,decode_prepare,0,1,0,139,24,0.017562666666666667,0.016384,0.024371199999999982,0.03136
decode_bs1,decode,16,decode_prepare,0,1,0,140,24,0.017446666666666666,0.016608,0.020014399999999995,0.03056
decode_bs1,decode,16,decode_prepare,0,1,0,141,24,0.0169,0.016624,0.017625599999999998,0.019456
decode_bs1,decode,16,decode_prepare,0,1,0,142,24,0.016866666666666665,0.016624,0.017408,0.018176
decode_bs1,decode,16,decode_prepare,0,1,0,143,24,0.016806666666666668,0.016544,0.017408,0.018144
decode_bs1,decode,16,decode_prepare,0,1,0,144,24,0.016733333333333333,0.016384,0.017408,0.017408
decode_bs1,decode,16,decode_prepare,0,1,0,145,24,0.01677733333333333,0.016672,0.017376,0.017408
decode_bs1,decode,16,decode_prepare,0,1,0,146,24,0.016625333333333332,0.016384,0.017408,0.017408
decode_bs1,decode,16,decode_prepare,0,1,0,147,24,0.016972,0.016992,0.0180976,0.019808
decode_bs1,decode,16,decode_prepare,0,1,0,148,24,0.018436,0.017248,0.021340799999999997,0.041984
decode_bs1,decode,16,decode_prepare,0,1,0,149,20,0.018104,0.017168,0.02294880000000001,0.032768
decode_bs1,decode,16,decode_prepare,0,1,0,150,24,0.017442666666666665,0.017104,0.021196799999999995,0.024352
decode_bs1,decode,16,decode_prepare,1,1,128,128,8,0.019328,0.019456,0.02048,0.02048
decode_bs1,decode,16,decode_prepare,1,1,128,129,4,0.018688,0.018432,0.0203264,0.02048
decode_bs1,decode,16,decode_prepare,1,1,128,130,2,0.017408,0.017408,0.017408,0.017408
decode_bs1,decode,16,decode_prepare,1,1,128,131,1,0.017408,0.017408,0.017408,0.017408
decode_bs1,decode,16,decode_prepare,1,1,128,149,4,0.018688,0.018432,0.0193024,0.019456
decode_bs1,decode,16,decode_sample,0,1,0,128,16,0.021846,0.02192,0.024224,0.024992
decode_bs1,decode,16,decode_sample,0,1,0,129,20,0.0218048,0.02192,0.02496,0.02496
decode_bs1,decode,16,decode_sample,0,1,0,130,22,0.020992,0.019872,0.0249104,0.024992
decode_bs1,decode,16,decode_sample,0,1,0,131,23,0.020534260869565217,0.01984,0.023865599999999997,0.024992
decode_bs1,decode,16,decode_sample,0,1,0,132,24,0.020936,0.020880000000000003,0.0240768,0.024992
decode_bs1,decode,16,decode_sample,0,1,0,133,24,0.020889333333333333,0.021888,0.0239632,0.02496
decode_bs1,decode,16,decode_sample,0,1,0,134,24,0.021578666666666666,0.021408,0.02496,0.024992
decode_bs1,decode,16,decode_sample,0,1,0,135,24,0.022122666666666665,0.022416,0.023968,0.024992
decode_bs1,decode,16,decode_sample,0,1,0,136,24,0.022085333333333332,0.022944,0.0249872,0.025184
decode_bs1,decode,16,decode_sample,0,1,0,137,24,0.02148,0.020880000000000003,0.0248112,0.024992
decode_bs1,decode,16,decode_sample,0,1,0,138,24,0.020545333333333332,0.020368,0.0239632,0.024992
decode_bs1,decode,16,decode_sample,0,1,0,139,24,0.021397333333333334,0.021392,0.024838399999999997,0.024992
decode_bs1,decode,16,decode_sample,0,1,0,140,24,0.021966666666666666,0.022432,0.024992,0.024992
decode_bs1,decode,16,decode_sample,0,1,0,141,24,0.021462666666666665,0.022912,0.0248112,0.029632
decode_bs1,decode,16,decode_sample,0,1,0,142,24,0.021141333333333335,0.020864,0.024944,0.025216
decode_bs1,decode,16,decode_sample,0,1,0,143,24,0.02119333333333333,0.021888,0.024684799999999996,0.024992
decode_bs1,decode,16,decode_sample,0,1,0,144,24,0.020929333333333335,0.020880000000000003,0.023968,0.024992
decode_bs1,decode,16,decode_sample,0,1,0,145,24,0.021026666666666666,0.020992,0.023968,0.024992
decode_bs1,decode,16,decode_sample,0,1,0,146,24,0.020698666666666667,0.020976,0.023814399999999996,0.02496
decode_bs1,decode,16,decode_sample,0,1,0,147,24,0.021625333333333333,0.022416,0.0248112,0.024992
decode_bs1,decode,16,decode_sample,0,1,0,148,24,0.020808,0.021392,0.023814399999999996,0.024992
decode_bs1,decode,16,decode_sample,0,1,0,149,20,0.020544,0.019872,0.023936,0.023936
decode_bs1,decode,16,decode_sample,0,1,0,150,24,0.022442666666666666,0.022559999999999997,0.025073599999999998,0.029536
decode_bs1,decode,16,decode_sample,1,1,128,128,8,0.02706,0.026992000000000002,0.032526400000000004,0.032896
decode_bs1,decode,16,decode_sample,1,1,128,129,4,0.026912000000000002,0.025984,0.0318592,0.0328
decode_bs1,decode,16,decode_sample,1,1,128,130,2,0.031664,0.031664,0.0384752,0.039232
decode_bs1,decode,16,decode_sample,1,1,128,131,1,0.02592,0.02592,0.02592,0.02592
decode_bs1,decode,16,decode_sample,1,1,128,149,4,0.02708,0.026304,0.032548799999999996,0.033024
decode_bs1,decode,16,prefill_cache_commit,1,0,128,0,5,0.0035712,0.003456,0.004096,0.004096
decode_bs1,decode,16,prefill_cache_commit,1,1,128,128,8,0.003376,0.003072,0.004096,0.004096
decode_bs1,decode,16,prefill_cache_commit,1,1,128,129,4,0.0038399999999999997,0.004096,0.004096,0.004096
decode_bs1,decode,16,prefill_cache_commit,1,1,128,130,2,0.003072,0.003072,0.003072,0.003072
decode_bs1,decode,16,prefill_cache_commit,1,1,128,131,1,0.003072,0.003072,0.003072,0.003072
decode_bs1,decode,16,prefill_cache_commit,1,1,128,149,4,0.003184,0.003184,0.003296,0.003296
decode_bs1,decode,16,prefill_engine,1,0,128,0,5,18.2305724,18.253824,18.3209974,18.336767
decode_bs1,decode,16,prefill_engine,1,1,128,128,8,20.4219205,20.4160005,20.5070464,20.516096
decode_bs1,decode,16,prefill_engine,1,1,128,129,4,20.476672999999998,20.428801,20.6621194,20.699137
decode_bs1,decode,16,prefill_engine,1,1,128,130,2,20.398592,20.398592,20.4073463,20.408319
decode_bs1,decode,16,prefill_engine,1,1,128,131,1,20.382721,20.382721,20.382721,20.382721
decode_bs1,decode,16,prefill_engine,1,1,128,149,4,20.39043975,20.426832,20.53760015,20.538368
decode_bs1,decode,16,prefill_prepare,1,0,128,0,5,0.0387968,0.028672,0.06896639999999998,0.078848
decode_bs1,decode,16,prefill_prepare,1,1,128,128,8,0.027844,0.027743999999999998,0.028672,0.028672
decode_bs1,decode,16,prefill_prepare,1,1,128,129,4,0.028592,0.027632,0.030966399999999995,0.031552
decode_bs1,decode,16,prefill_prepare,1,1,128,130,2,0.027136,0.027136,0.027596799999999998,0.027648
decode_bs1,decode,16,prefill_prepare,1,1,128,131,1,0.027584,0.027584,0.027584,0.027584
decode_bs1,decode,16,prefill_prepare,1,1,128,149,4,0.028872000000000002,0.028704,0.029552,0.029696
decode_bs1,decode,16,prefill_sample,1,0,128,0,5,0.023232,0.023968,0.0267584,0.027456
decode_bs1,decode,16,prefill_sample,1,1,128,128,8,0.021744,0.021792,0.0243024,0.024672
decode_bs1,decode,16,prefill_sample,1,1,128,129,4,0.02256,0.023328,0.024352,0.024352
decode_bs1,decode,16,prefill_sample,1,1,128,130,2,0.023328,0.023328,0.0260928,0.0264
decode_bs1,decode,16,prefill_sample,1,1,128,131,1,0.023328,0.023328,0.023328,0.023328
decode_bs1,decode,16,prefill_sample,1,1,128,149,4,0.019264,0.018816,0.020945599999999998,0.021248
decode_bs2,decode,16,decode_engine,0,1,0,150,1,6.462464,6.462464,6.462464,6.462464
decode_bs2,decode,16,decode_engine,0,2,0,128,2,6.345728,6.345728,6.3512576,6.351872
decode_bs2,decode,16,decode_engine,0,2,0,129,5,6.352896,6.337536,6.3922176,6.397952
decode_bs2,decode,16,decode_engine,0,2,0,130,8,6.356608,6.349824,6.3934464,6.39488
decode_bs2,decode,16,decode_engine,0,2,0,131,12,6.354005333333333,6.34368,6.3989248,6.416384
decode_bs2,decode,16,decode_engine,0,2,0,132,12,6.359552,6.35136,6.3944704,6.398976
decode_bs2,decode,16,decode_engine,0,2,0,133,12,6.357589333333333,6.345216,6.3944704,6.398976
decode_bs2,decode,16,decode_engine,0,2,0,134,12,6.364330666666667,6.360576,6.4141824000000005,6.432768
decode_bs2,decode,16,decode_engine,0,2,0,135,12,6.3604053333333335,6.342656,6.4192,6.46144
decode_bs2,decode,16,decode_engine,0,2,0,136,12,6.366205333333333,6.358016,6.415872,6.421504
decode_bs2,decode,16,decode_engine,0,2,0,137,14,6.381993142857143,6.3636479999999995,6.476528,6.601536
decode_bs2,decode,16,decode_engine,0,2,0,138,16,6.371264,6.348288,6.432256,6.4768
decode_bs2,decode,16,decode_engine,0,2,0,139,18,6.382928,6.385152,6.4650608,6.497184
decode_bs2,decode,16,decode_engine,0,2,0,140,15,6.370372266666666,6.345728,6.4582656,6.51776
decode_bs2,decode,16,decode_engine,0,2,0,141,13,6.360457846153846,6.34368,6.4090112,6.4256
decode_bs2,decode,16,decode_engine,0,2,0,142,12,6.359893333333334,6.346752,6.39616,6.41024
decode_bs2,decode,16,decode_engine,0,2,0,143,12,6.356992,6.343168,6.3943168,6.39488
decode_bs2,decode,16,decode_engine,0,2,0,144,12,6.362026666666667,6.349312,6.413312,6.447104
decode_bs2,decode,16,decode_engine,0,2,0,145,12,6.362965333333333,6.36672,6.3993344,6.412288
decode_bs2,decode,16,decode_engine,0,2,0,146,11,6.363522909090909,6.363136,6.389248,6.391808
decode_bs2,decode,16,decode_engine,0,2,0,147,11,6.373376,6.380544,6.396416,6.404096
decode_bs2,decode,16,decode_engine,0,2,0,148,10,6.3813632,6.3841280000000005,6.395392,6.4
decode_bs2,decode,16,decode_engine,0,2,0,149,9,6.382819555555556,6.381568,6.4018432,6.407168
decode_bs2,decode,16,decode_engine,0,2,0,150,2,6.39232,6.39232,6.394623999999999,6.39488
decode_bs2,decode,16,decode_engine,1,1,128,128,1,19.169279,19.169279,19.169279,19.169279
decode_bs2,decode,16,decode_engine,1,2,128,128,5,8.7801856,8.80128,8.841830400000001,8.849408
decode_bs2,decode,16,decode_engine,1,2,128,129,6,8.912725333333333,8.895488,9.076224,9.101312
decode_bs2,decode,16,decode_engine,1,2,128,130,4,8.785408,8.816127999999999,8.8555008,8.856576
decode_bs2,decode,16,decode_engine,1,2,128,137,1,8.77056,8.77056,8.77056,8.77056
decode_bs2,decode,16,decode_engine,1,2,128,138,1,8.843264,8.843264,8.843264,8.843264
decode_bs2,decode,16,decode_engine,1,2,128,139,1,8.792064,8.792064,8.792064,8.792064
decode_bs2,decode,16,decode_engine,1,2,128,146,1,8.74496,8.74496,8.74496,8.74496
decode_bs2,decode,16,decode_engine,1,2,128,147,1,8.745984,8.745984,8.745984,8.745984
decode_bs2,decode,16,decode_engine,1,2,128,148,1,8.691712,8.691712,8.691712,8.691712
decode_bs2,decode,16,decode_prepare,0,1,0,150,1,0.016384,0.016384,0.016384,0.016384
decode_bs2,decode,16,decode_prepare,0,2,0,128,2,0.016624,0.016624,0.0169552,0.016992
decode_bs2,decode,16,decode_prepare,0,2,0,129,5,0.0164608,0.016384,0.0166912,0.016768
decode_bs2,decode,16,decode_prepare,0,2,0,130,8,0.016756,0.016384,0.017692799999999998,0.017984
decode_bs2,decode,16,decode_prepare,0,2,0,131,12,0.016933333333333335,0.016447999999999997,0.0182944,0.019456
decode_bs2,decode,16,decode_prepare,0,2,0,132,12,0.017101333333333333,0.01728,0.0174864,0.017504
decode_bs2,decode,16,decode_prepare,0,2,0,133,12,0.018045333333333333,0.016944,0.02370079999999999,0.031392
decode_bs2,decode,16,decode_prepare,0,2,0,134,12,0.01672533333333333,0.016592000000000003,0.0172736,0.017344
decode_bs2,decode,16,decode_prepare,0,2,0,135,12,0.016954666666666666,0.017104,0.0173904,0.017408
decode_bs2,decode,16,decode_prepare,0,2,0,136,12,0.01711733333333333,0.017104,0.0180144,0.01856
decode_bs2,decode,16,decode_prepare,0,2,0,137,14,0.019145142857142857,0.017088,0.028473599999999988,0.049024
decode_bs2,decode,16,decode_prepare,0,2,0,138,16,0.016662,0.016512,0.017263999999999998,0.017408
decode_bs2,decode,16,decode_prepare,0,2,0,139,18,0.017857777777777778,0.016944,0.020172799999999973,0.03584
decode_bs2,decode,16,decode_prepare,0,2,0,140,15,0.017079466666666668,0.017024,0.018329599999999998,0.02048
decode_bs2,decode,16,decode_prepare,0,2,0,141,13,0.016932923076923078,0.016992,0.017843199999999997,0.018496
decode_bs2,decode,16,decode_prepare,0,2,0,142,12,0.016642666666666667,0.016399999999999998,0.017408,0.017408
decode_bs2,decode,16,decode_prepare,0,2,0,143,12,0.016789333333333333,0.016512,0.017408,0.017408
decode_bs2,decode,16,decode_prepare,0,2,0,144,12,0.017258666666666665,0.017328,0.0191664,0.020064
decode_bs2,decode,16,decode_prepare,0,2,0,145,12,0.016794666666666666,0.016655999999999997,0.0174944,0.0176
decode_bs2,decode,16,decode_prepare,0,2,0,146,11,0.017137454545454546,0.017152,0.017807999999999997,0.018208
decode_bs2,decode,16,decode_prepare,0,2,0,147,11,0.016709818181818183,0.016384,0.017391999999999998,0.017408
decode_bs2,decode,16,decode_prepare,0,2,0,148,10,0.0168384,0.016848000000000002,0.017336,0.017408
decode_bs2,decode,16,decode_prepare,0,2,0,149,9,0.01685688888888889,0.01696,0.017408,0.017408
decode_bs2,decode,16,decode_prepare,0,2,0,150,2,0.016672,0.016672,0.017190399999999998,0.017248
decode_bs2,decode,16,decode_prepare,1,1,128,128,1,0.019456,0.019456,0.019456,0.019456
decode_bs2,decode,16,decode_prepare,1,2,128,128,5,0.0188416,0.017408,0.0231424,0.024576
decode_bs2,decode,16,decode_prepare,1,2,128,129,6,0.019456,0.018944000000000003,0.021248,0.021504
decode_bs2,decode,16,decode_prepare,1,2,128,130,4,0.017664,0.017408,0.0182784,0.018432
decode_bs2,decode,16,decode_prepare,1,2,128,137,1,0.017408,0.017408,0.017408,0.017408
decode_bs2,decode,16,decode_prepare,1,2,128,138,1,0.022528,0.022528,0.022528,0.022528
decode_bs2,decode,16,decode_prepare,1,2,128,139,1,0.016384,0.016384,0.016384,0.016384
decode_bs2,decode,16,decode_prepare,1,2,128,146,1,0.023552,0.023552,0.023552,0.023552
decode_bs2,decode,16,decode_prepare,1,2,128,147,1,0.02048,0.02048,0.02048,0.02048
decode_bs2,decode,16,decode_prepare,1,2,128,148,1,0.022528,0.022528,0.022528,0.022528
decode_bs2,decode,16,decode_sample,0,1,0,150,1,0.020864,0.020864,0.020864,0.020864
decode_bs2,decode,16,decode_sample,0,2,0,128,2,0.019360000000000002,0.019360000000000002,0.0207424,0.020896
decode_bs2,decode,16,decode_sample,0,2,0,129,5,0.0194624,0.018848,0.022329599999999998,0.022944
decode_bs2,decode,16,decode_sample,0,2,0,130,8,0.021188,0.02192,0.0237696,0.024128
decode_bs2,decode,16,decode_sample,0,2,0,131,12,0.020304,0.019872,0.0234048,0.023968
decode_bs2,decode,16,decode_sample,0,2,0,132,12,0.021082666666666666,0.020880000000000003,0.0234048,0.023968
decode_bs2,decode,16,decode_sample,0,2,0,133,12,0.021426666666666667,0.021408,0.0240688,0.024192
decode_bs2,decode,16,decode_sample,0,2,0,134,12,0.021096,0.020895999999999998,0.0234224,0.023968
decode_bs2,decode,16,decode_sample,0,2,0,135,12,0.020570666666666668,0.019903999999999998,0.023865599999999997,0.024992
decode_bs2,decode,16,decode_sample,0,2,0,136,12,0.021573333333333333,0.0204,0.0244288,0.024992
decode_bs2,decode,16,decode_sample,0,2,0,137,14,0.022294857142857144,0.022944,0.0239904,0.024032
decode_bs2,decode,16,decode_sample,0,2,0,138,16,0.021235999999999998,0.02176,0.023944,0.023968
decode_bs2,decode,16,decode_sample,0,2,0,139,18,0.020672,0.020384,0.023968,0.023968
decode_bs2,decode,16,decode_sample,0,2,0,140,15,0.020567466666666666,0.019872,0.0233408,0.023968
decode_bs2,decode,16,decode_sample,0,2,0,141,13,0.020585846153846152,0.020896,0.0239616,0.024
decode_bs2,decode,16,decode_sample,0,2,0,142,12,0.020714666666666666,0.019872,0.0239504,0.023968
decode_bs2,decode,16,decode_sample,0,2,0,143,12,0.021010666666666667,0.020880000000000003,0.0241264,0.02432
decode_bs2,decode,16,decode_sample,0,2,0,144,12,0.021261333333333333,0.020896,0.023936,0.023936
decode_bs2,decode,16,decode_sample,0,2,0,145,12,0.019642666666666666,0.019872,0.0213568,0.02192
decode_bs2,decode,16,decode_sample,0,2,0,146,11,0.022010181818181818,0.022944,0.024480000000000002,0.024992
decode_bs2,decode,16,decode_sample,0,2,0,147,11,0.01977890909090909,0.019872,0.022432,0.024992
decode_bs2,decode,16,decode_sample,0,2,0,148,10,0.0213024,0.021408,0.0235072,0.023968
decode_bs2,decode,16,decode_sample,0,2,0,149,9,0.020672,0.01888,0.0235584,0.023968
decode_bs2,decode,16,decode_sample,0,2,0,150,2,0.021408,0.021408,0.023712,0.023968
decode_bs2,decode,16,decode_sample,1,1,128,128,1,0.025376,0.025376,0.025376,0.025376
decode_bs2,decode,16,decode_sample,1,2,128,128,5,0.0367808,0.030496,0.051532800000000004,0.051552
decode_bs2,decode,16,decode_sample,1,2,128,129,6,0.03266666666666666,0.027408000000000002,0.05092,0.05568
decode_bs2,decode,16,decode_sample,1,2,128,130,4,0.051128,0.035392,0.09838559999999996,0.108288
decode_bs2,decode,16,decode_sample,1,2,128,137,1,0.02544,0.02544,0.02544,0.02544
decode_bs2,decode,16,decode_sample,1,2,128,138,1,0.030752,0.030752,0.030752,0.030752
decode_bs2,decode,16,decode_sample,1,2,128,139,1,0.050112,0.050112,0.050112,0.050112
decode_bs2,decode,16,decode_sample,1,2,128,146,1,0.026528,0.026528,0.026528,0.026528
decode_bs2,decode,16,decode_sample,1,2,128,147,1,0.030496,0.030496,0.030496,0.030496
decode_bs2,decode,16,decode_sample,1,2,128,148,1,0.022816,0.022816,0.022816,0.022816
decode_bs2,decode,16,prefill_cache_commit,1,0,128,0,2,0.003632,0.003632,0.0040495999999999996,0.004096
decode_bs2,decode,16,prefill_cache_commit,1,1,128,128,1,0.003072,0.003072,0.003072,0.003072
decode_bs2,decode,16,prefill_cache_commit,1,2,128,128,5,0.00352,0.003264,0.004096,0.004096
decode_bs2,decode,16,prefill_cache_commit,1,2,128,129,6,0.00464,0.00368,0.008704,0.01024
decode_bs2,decode,16,prefill_cache_commit,1,2,128,130,4,0.003656,0.003728,0.004096,0.004096
decode_bs2,decode,16,prefill_cache_commit,1,2,128,137,1,0.003072,0.003072,0.003072,0.003072
decode_bs2,decode,16,prefill_cache_commit,1,2,128,138,1,0.004096,0.004096,0.004096,0.004096
decode_bs2,decode,16,prefill_cache_commit,1,2,128,139,1,0.004096,0.004096,0.004096,0.004096
decode_bs2,decode,16,prefill_cache_commit,1,2,128,146,1,0.004096,0.004096,0.004096,0.004096
decode_bs2,decode,16,prefill_cache_commit,1,2,128,147,1,0.00336,0.00336,0.00336,0.00336
decode_bs2,decode,16,prefill_cache_commit,1,2,128,148,1,0.004096,0.004096,0.004096,0.004096
decode_bs2,decode,16,prefill_engine,1,0,128,0,2,18.216623499999997,18.216623499999997,18.31000705,18.320383
decode_bs2,decode,16,prefill_engine,1,1,128,128,1,18.296831,18.296831,18.296831,18.296831
decode_bs2,decode,16,prefill_engine,1,2,128,128,5,20.509504,20.527103,20.5778944,20.586496
decode_bs2,decode,16,prefill_engine,1,2,128,129,6,20.499434833333332,20.4165125,20.780735999999997,20.782528
decode_bs2,decode,16,prefill_engine,1,2,128,130,4,20.41523175,20.366848,20.6047744,20.63872
decode_bs2,decode,16,prefill_engine,1,2,128,137,1,20.44416,20.44416,20.44416,20.44416
decode_bs2,decode,16,prefill_engine,1,2,128,138,1,20.513792,20.513792,20.513792,20.513792
decode_bs2,decode,16,prefill_engine,1,2,128,139,1,20.364288,20.364288,20.364288,20.364288
decode_bs2,decode,16,prefill_engine,1,2,128,146,1,20.428801,20.428801,20.428801,20.428801
decode_bs2,decode,16,prefill_engine,1,2,128,147,1,20.422655,20.422655,20.422655,20.422655
decode_bs2,decode,16,prefill_engine,1,2,128,148,1,20.378752,20.378752,20.378752,20.378752
decode_bs2,decode,16,prefill_prepare,1,0,128,0,2,0.052496,0.052496,0.0742544,0.076672
decode_bs2,decode,16,prefill_prepare,1,1,128,128,1,0.02704,0.02704,0.02704,0.02704
decode_bs2,decode,16,prefill_prepare,1,2,128,128,5,0.0279616,0.027936,0.0282432,0.028256
decode_bs2,decode,16,prefill_prepare,1,2,128,129,6,0.031072,0.0284,0.040448,0.044032
decode_bs2,decode,16,prefill_prepare,1,2,128,130,4,0.027864,0.027968,0.028614399999999998,0.028672
decode_bs2,decode,16,prefill_prepare,1,2,128,137,1,0.028256,0.028256,0.028256,0.028256
decode_bs2,decode,16,prefill_prepare,1,2,128,138,1,0.028672,0.028672,0.028672,0.028672
decode_bs2,decode,16,prefill_prepare,1,2,128,139,1,0.02848,0.02848,0.02848,0.02848
decode_bs2,decode,16,prefill_prepare,1,2,128,146,1,0.027552,0.027552,0.027552,0.027552
decode_bs2,decode,16,prefill_prepare,1,2,128,147,1,0.028384,0.028384,0.028384,0.028384
decode_bs2,decode,16,prefill_prepare,1,2,128,148,1,0.027648,0.027648,0.027648,0.027648
decode_bs2,decode,16,prefill_sample,1,0,128,0,2,0.02368,0.02368,0.023968,0.024
decode_bs2,decode,16,prefill_sample,1,1,128,128,1,0.021952,0.021952,0.021952,0.021952
decode_bs2,decode,16,prefill_sample,1,2,128,128,5,0.0225152,0.023328,0.0241472,0.024352
decode_bs2,decode,16,prefill_sample,1,2,128,129,6,0.021679999999999998,0.02144,0.0254,0.025408
decode_bs2,decode,16,prefill_sample,1,2,128,130,4,0.020848,0.02088,0.0234144,0.023424
decode_bs2,decode,16,prefill_sample,1,2,128,137,1,0.024352,0.024352,0.024352,0.024352
decode_bs2,decode,16,prefill_sample,1,2,128,138,1,0.024416,0.024416,0.024416,0.024416
decode_bs2,decode,16,prefill_sample,1,2,128,139,1,0.023328,0.023328,0.023328,0.023328
decode_bs2,decode,16,prefill_sample,1,2,128,146,1,0.02128,0.02128,0.02128,0.02128
decode_bs2,decode,16,prefill_sample,1,2,128,147,1,0.02128,0.02128,0.02128,0.02128
decode_bs2,decode,16,prefill_sample,1,2,128,148,1,0.019232,0.019232,0.019232,0.019232
decode_bs4,decode,16,decode_engine,0,1,0,150,1,6.6048,6.6048,6.6048,6.6048
decode_bs4,decode,16,decode_engine,0,2,0,149,1,6.524928,6.524928,6.524928,6.524928
decode_bs4,decode,16,decode_engine,0,3,0,149,1,6.593536,6.593536,6.593536,6.593536
decode_bs4,decode,16,decode_engine,0,4,0,130,2,6.69184,6.69184,6.7093504,6.711296
decode_bs4,decode,16,decode_engine,0,4,0,131,2,6.66368,6.66368,6.666905600000001,6.667264
decode_bs4,decode,16,decode_engine,0,4,0,132,5,6.6873344,6.673408,6.7203072,6.72256
decode_bs4,decode,16,decode_engine,0,4,0,133,5,6.6625536,6.662144,6.6740224,6.675456
decode_bs4,decode,16,decode_engine,0,4,0,134,6,6.671701333333333,6.665728,6.696704,6.700032
decode_bs4,decode,16,decode_engine,0,4,0,135,7,6.667556571428571,6.662144,6.687744,6.693888
decode_bs4,decode,16,decode_engine,0,4,0,136,6,6.677504,6.6718720000000005,6.706944,6.709248
decode_bs4,decode,16,decode_engine,0,4,0,137,7,6.671652571428571,6.664192,6.7039232,6.708224
decode_bs4,decode,16,decode_engine,0,4,0,138,8,6.676736,6.670336000000001,6.7112448,6.719488
decode_bs4,decode,16,decode_engine,0,4,0,139,10,6.6819071999999995,6.681088,6.7076096,6.711296
decode_bs4,decode,16,decode_engine,0,4,0,140,10,6.6860032,6.695424,6.7071488,6.711296
decode_bs4,decode,16,decode_engine,0,4,0,141,7,6.665362285714286,6.662144,6.6934784,6.70208
decode_bs4,decode,16,decode_engine,0,4,0,142,7,6.67136,6.67648,6.6929663999999995,6.69696
decode_bs4,decode,16,decode_engine,0,4,0,143,9,6.715697777777778,6.67136,6.8899584,6.91712
decode_bs4,decode,16,decode_engine,0,4,0,144,7,6.700763428571428,6.690816,6.741094400000001,6.74816
decode_bs4,decode,16,decode_engine,0,4,0,145,6,6.666410666666667,6.664704,6.674688,6.675456
decode_bs4,decode,16,decode_engine,0,4,0,146,5,6.7448832,6.774784,6.8089856,6.816768
decode_bs4,decode,16,decode_engine,0,4,0,147,2,6.672384,6.672384,6.6733056,6.673408
decode_bs4,decode,16,decode_engine,0,4,0,148,5,6.6924544,6.663168,6.7631103999999995,6.775808
decode_bs4,decode,16,decode_engine,1,1,128,128,1,19.144705,19.144705,19.144705,19.144705
decode_bs4,decode,16,decode_engine,1,2,128,128,1,19.090431,19.090431,19.090431,19.090431
decode_bs4,decode,16,decode_engine,1,3,128,129,1,19.222528,19.222528,19.222528,19.222528
decode_bs4,decode,16,decode_engine,1,4,128,129,4,9.426688,9.413632,9.60384,9.627648
decode_bs4,decode,16,decode_engine,1,4,128,130,2,9.352704,9.352704,9.4665216,9.479168
decode_bs4,decode,16,decode_engine,1,4,128,131,4,9.314304,9.345536,9.381734400000001,9.381888
decode_bs4,decode,16,decode_engine,1,4,128,132,2,9.231872,9.231872,9.261824,9.265152
decode_bs4,decode,16,decode_engine,1,4,128,136,1,9.362432,9.362432,9.362432,9.362432
decode_bs4,decode,16,decode_engine,1,4,128,138,1,9.516032,9.516032,9.516032,9.516032
decode_bs4,decode,16,decode_engine,1,4,128,139,1,9.27232,9.27232,9.27232,9.27232
decode_bs4,decode,16,decode_engine,1,4,128,140,1,9.416704,9.416704,9.416704,9.416704
decode_bs4,decode,16,decode_engine,1,4,128,141,2,9.517056,9.517056,9.549312,9.552896
decode_bs4,decode,16,decode_engine,1,4,128,142,1,10.097664,10.097664,10.097664,10.097664
decode_bs4,decode,16,decode_prepare,0,1,0,150,1,0.016608,0.016608,0.016608,0.016608
decode_bs4,decode,16,decode_prepare,0,2,0,149,1,0.016384,0.016384,0.016384,0.016384
decode_bs4,decode,16,decode_prepare,0,3,0,149,1,0.01696,0.01696,0.01696,0.01696
decode_bs4,decode,16,decode_prepare,0,4,0,130,2,0.016656,0.016656,0.0169872,0.017024
decode_bs4,decode,16,decode_prepare,0,4,0,131,2,0.015824,0.015824,0.016241600000000002,0.016288
decode_bs4,decode,16,decode_prepare,0,4,0,132,5,0.016416,0.016384,0.0172352,0.017408
decode_bs4,decode,16,decode_prepare,0,4,0,133,5,0.0163456,0.016384,0.016384,0.016384
decode_bs4,decode,16,decode_prepare,0,4,0,134,6,0.017072,0.0172,0.017408,0.017408
decode_bs4,decode,16,decode_prepare,0,4,0,135,7,0.016530285714285713,0.016384,0.0171488,0.017408
decode_bs4,decode,16,decode_prepare,0,4,0,136,6,0.0168,0.0168,0.017408,0.017408
decode_bs4,decode,16,decode_prepare,0,4,0,137,7,0.016384,0.016384,0.0165856,0.016672
decode_bs4,decode,16,decode_prepare,0,4,0,138,8,0.016975999999999998,0.016975999999999998,0.017844799999999997,0.01808
decode_bs4,decode,16,decode_prepare,0,4,0,139,10,0.017024,0.016832,0.018288,0.018432
decode_bs4,decode,16,decode_prepare,0,4,0,140,10,0.0168256,0.016800000000000002,0.017478399999999998,0.017536
decode_bs4,decode,16,decode_prepare,0,4,0,141,7,0.01647542857142857,0.016384,0.0172064,0.017312
decode_bs4,decode,16,decode_prepare,0,4,0,142,7,0.016493714285714285,0.016384,0.0171136,0.017344
decode_bs4,decode,16,decode_prepare,0,4,0,143,9,0.020131555555555555,0.017312,0.0323136,0.033696
decode_bs4,decode,16,decode_prepare,0,4,0,144,7,0.019808,0.017248,0.03022719999999999,0.035392
decode_bs4,decode,16,decode_prepare,0,4,0,145,6,0.016848000000000002,0.016832,0.017368,0.017408
decode_bs4,decode,16,decode_prepare,0,4,0,146,5,0.0173248,0.017408,0.01824,0.0184
decode_bs4,decode,16,decode_prepare,0,4,0,147,2,0.01688,0.01688,0.0169232,0.016928
decode_bs4,decode,16,decode_prepare,0,4,0,148,5,0.0166976,0.016384,0.017766399999999998,0.018112
decode_bs4,decode,16,decode_prepare,1,1,128,128,1,0.018432,0.018432,0.018432,0.018432
decode_bs4,decode,16,decode_prepare,1,2,128,128,1,0.018432,0.018432,0.018432,0.018432
decode_bs4,decode,16,decode_prepare,1,3,128,129,1,0.019456,0.019456,0.019456,0.019456
decode_bs4,decode,16,decode_prepare,1,4,128,129,4,0.01792,0.01792,0.018432,0.018432
decode_bs4,decode,16,decode_prepare,1,4,128,130,2,0.016896,0.016896,0.0182784,0.018432
decode_bs4,decode,16,decode_prepare,1,4,128,131,4,0.01792,0.017408,0.0191488,0.019456
decode_bs4,decode,16,decode_prepare,1,4,128,132,2,0.01792,0.01792,0.0183808,0.018432
decode_bs4,decode,16,decode_prepare,1,4,128,136,1,0.018432,0.018432,0.018432,0.018432
decode_bs4,decode,16,decode_prepare,1,4,128,138,1,0.018432,0.018432,0.018432,0.018432
decode_bs4,decode,16,decode_prepare,1,4,128,139,1,0.018432,0.018432,0.018432,0.018432
decode_bs4,decode,16,decode_prepare,1,4,128,140,1,0.018432,0.018432,0.018432,0.018432
decode_bs4,decode,16,decode_prepare,1,4,128,141,2,0.016896,0.016896,0.0173568,0.017408
decode_bs4,decode,16,decode_prepare,1,4,128,142,1,0.019456,0.019456,0.019456,0.019456
decode_bs4,decode,16,decode_sample,0,1,0,150,1,0.020896,0.020896,0.020896,0.020896
decode_bs4,decode,16,decode_sample,0,2,0,149,1,0.01888,0.01888,0.01888,0.01888
decode_bs4,decode,16,decode_sample,0,3,0,149,1,0.024992,0.024992,0.024992,0.024992
decode_bs4,decode,16,decode_sample,0,4,0,130,2,0.031136,0.031136,0.031136,0.031136
decode_bs4,decode,16,decode_sample,0,4,0,131,2,0.035919999999999994,0.035919999999999994,0.0365104,0.036576
decode_bs4,decode,16,decode_sample,0,4,0,132,5,0.033401600000000004,0.034208,0.0350272,0.035232
decode_bs4,decode,16,decode_sample,0,4,0,133,5,0.0344576,0.03424,0.035232,0.035232
decode_bs4,decode,16,decode_sample,0,4,0,134,6,0.03338133333333333,0.033712000000000006,0.035008,0.035264
decode_bs4,decode,16,decode_sample,0,4,0,135,7,0.03247085714285714,0.031168,0.0349344,0.035232
decode_bs4,decode,16,decode_sample,0,4,0,136,6,0.03354666666666667,0.0332,0.035752,0.036256
decode_bs4,decode,16,decode_sample,0,4,0,137,7,0.03247542857142857,0.033216,0.0352544,0.035264
decode_bs4,decode,16,decode_sample,0,4,0,138,8,0.03294,0.032175999999999996,0.0365632,0.03728
decode_bs4,decode,16,decode_sample,0,4,0,139,10,0.0322944,0.032175999999999996,0.0347856,0.035232
decode_bs4,decode,16,decode_sample,0,4,0,140,10,0.0340288,0.03424,0.035264,0.035264
decode_bs4,decode,16,decode_sample,0,4,0,141,7,0.03481142857142857,0.035232,0.0359808,0.036288
decode_bs4,decode,16,decode_sample,0,4,0,142,7,0.03378285714285714,0.033216,0.0369728,0.03728
decode_bs4,decode,16,decode_sample,0,4,0,143,9,0.033084444444444444,0.033184,0.036889599999999995,0.037312
decode_bs4,decode,16,decode_sample,0,4,0,144,7,0.03188114285714286,0.032192,0.0349472,0.035264
decode_bs4,decode,16,decode_sample,0,4,0,145,6,0.03474133333333333,0.034752,0.03628,0.036288
decode_bs4,decode,16,decode_sample,0,4,0,146,5,0.0308224,0.029504,0.0344192,0.035232
decode_bs4,decode,16,decode_sample,0,4,0,147,2,0.035328,0.035328,0.036336,0.036448
decode_bs4,decode,16,decode_sample,0,4,0,148,5,0.0313984,0.031136,0.0346432,0.035264
decode_bs4,decode,16,decode_sample,1,1,128,128,1,0.025376,0.025376,0.025376,0.025376
decode_bs4,decode,16,decode_sample,1,2,128,128,1,0.022336,0.022336,0.022336,0.022336
decode_bs4,decode,16,decode_sample,1,3,128,129,1,0.026432,0.026432,0.026432,0.026432
decode_bs4,decode,16,decode_sample,1,4,128,129,4,0.043768,0.039903999999999995,0.0567984,0.059616
decode_bs4,decode,16,decode_sample,1,4,128,130,2,0.067616,0.067616,0.0708992,0.071264
decode_bs4,decode,16,decode_sample,1,4,128,131,4,0.041464,0.041583999999999996,0.0421088,0.042176
decode_bs4,decode,16,decode_sample,1,4,128,132,2,0.074736,0.074736,0.10620000000000002,0.109696
decode_bs4,decode,16,decode_sample,1,4,128,136,1,0.037152,0.037152,0.037152,0.037152
decode_bs4,decode,16,decode_sample,1,4,128,138,1,0.036832,0.036832,0.036832,0.036832
decode_bs4,decode,16,decode_sample,1,4,128,139,1,0.042304,0.042304,0.042304,0.042304
decode_bs4,decode,16,decode_sample,1,4,128,140,1,0.074752,0.074752,0.074752,0.074752
decode_bs4,decode,16,decode_sample,1,4,128,141,2,0.037888,0.037888,0.041228799999999996,0.0416
decode_bs4,decode,16,decode_sample,1,4,128,142,1,0.039136,0.039136,0.039136,0.039136
decode_bs4,decode,16,prefill_cache_commit,1,0,128,0,2,0.003072,0.003072,0.003072,0.003072
decode_bs4,decode,16,prefill_cache_commit,1,1,128,128,1,0.004096,0.004096,0.004096,0.004096
decode_bs4,decode,16,prefill_cache_commit,1,2,128,128,1,0.004096,0.004096,0.004096,0.004096
decode_bs4,decode,16,prefill_cache_commit,1,3,128,129,1,0.004096,0.004096,0.004096,0.004096
decode_bs4,decode,16,prefill_cache_commit,1,4,128,129,4,0.0033280000000000002,0.003072,0.0039423999999999996,0.004096
decode_bs4,decode,16,prefill_cache_commit,1,4,128,130,2,0.00368,0.00368,0.0040544,0.004096
decode_bs4,decode,16,prefill_cache_commit,1,4,128,131,4,0.003072,0.003072,0.003072,0.003072
decode_bs4,decode,16,prefill_cache_commit,1,4,128,132,2,0.00376,0.00376,0.0040624,0.004096
decode_bs4,decode,16,prefill_cache_commit,1,4,128,136,1,0.003072,0.003072,0.003072,0.003072
decode_bs4,decode,16,prefill_cache_commit,1,4,128,138,1,0.003072,0.003072,0.003072,0.003072
decode_bs4,decode,16,prefill_cache_commit,1,4,128,139,1,0.003072,0.003072,0.003072,0.003072
decode_bs4,decode,16,prefill_cache_commit,1,4,128,140,1,0.003072,0.003072,0.003072,0.003072
decode_bs4,decode,16,prefill_cache_commit,1,4,128,141,2,0.004096,0.004096,0.004096,0.004096
decode_bs4,decode,16,prefill_cache_commit,1,4,128,142,1,0.004096,0.004096,0.004096,0.004096
decode_bs4,decode,16,prefill_engine,1,0,128,0,2,18.2307845,18.2307845,18.32893445,18.33984
decode_bs4,decode,16,prefill_engine,1,1,128,128,1,18.31424,18.31424,18.31424,18.31424
decode_bs4,decode,16,prefill_engine,1,2,128,128,1,18.274303,18.274303,18.274303,18.274303
decode_bs4,decode,16,prefill_engine,1,3,128,129,1,18.258944,18.258944,18.258944,18.258944
decode_bs4,decode,16,prefill_engine,1,4,128,129,4,20.67104775,20.6465435,20.84950155,20.875263
decode_bs4,decode,16,prefill_engine,1,4,128,130,2,20.448255500000002,20.448255500000002,20.55700475,20.569088
decode_bs4,decode,16,prefill_engine,1,4,128,131,4,20.50278375,20.491775500000003,20.64174165,20.652033
decode_bs4,decode,16,prefill_engine,1,4,128,132,2,20.5521915,20.5521915,20.590438350000003,20.594688
decode_bs4,decode,16,prefill_engine,1,4,128,136,1,20.61824,20.61824,20.61824,20.61824
decode_bs4,decode,16,prefill_engine,1,4,128,138,1,20.38784,20.38784,20.38784,20.38784
decode_bs4,decode,16,prefill_engine,1,4,128,139,1,20.736,20.736,20.736,20.736
decode_bs4,decode,16,prefill_engine,1,4,128,140,1,20.637695,20.637695,20.637695,20.637695
decode_bs4,decode,16,prefill_engine,1,4,128,141,2,20.365329000000003,20.365329000000003,20.387433,20.389889
decode_bs4,decode,16,prefill_engine,1,4,128,142,1,20.677631,20.677631,20.677631,20.677631
decode_bs4,decode,16,prefill_prepare,1,0,128,0,2,0.052608,0.052608,0.07415039999999999,0.076544
decode_bs4,decode,16,prefill_prepare,1,1,128,128,1,0.028192,0.028192,0.028192,0.028192
decode_bs4,decode,16,prefill_prepare,1,2,128,128,1,0.027936,0.027936,0.027936,0.027936
decode_bs4,decode,16,prefill_prepare,1,3,128,129,1,0.027584,0.027584,0.027584,0.027584
decode_bs4,decode,16,prefill_prepare,1,4,128,129,4,0.02724,0.026976,0.0282256,0.028384
decode_bs4,decode,16,prefill_prepare,1,4,128,130,2,0.0272,0.0272,0.0274592,0.027488
decode_bs4,decode,16,prefill_prepare,1,4,128,131,4,0.027176,0.027248,0.027536,0.027584
decode_bs4,decode,16,prefill_prepare,1,4,128,132,2,0.027632,0.027632,0.027646399999999998,0.027648
decode_bs4,decode,16,prefill_prepare,1,4,128,136,1,0.027648,0.027648,0.027648,0.027648
decode_bs4,decode,16,prefill_prepare,1,4,128,138,1,0.028672,0.028672,0.028672,0.028672
decode_bs4,decode,16,prefill_prepare,1,4,128,139,1,0.029408,0.029408,0.029408,0.029408
decode_bs4,decode,16,prefill_prepare,1,4,128,140,1,0.028384,0.028384,0.028384,0.028384
decode_bs4,decode,16,prefill_prepare,1,4,128,141,2,0.028319999999999998,0.028319999999999998,0.028406400000000002,0.028416
decode_bs4,decode,16,prefill_prepare,1,4,128,142,1,0.029312,0.029312,0.029312,0.029312
decode_bs4,decode,16,prefill_sample,1,0,128,0,2,0.024176,0.024176,0.028049599999999997,0.02848
decode_bs4,decode,16,prefill_sample,1,1,128,128,1,0.02192,0.02192,0.02192,0.02192
decode_bs4,decode,16,prefill_sample,1,2,128,128,1,0.018144,0.018144,0.018144,0.018144
decode_bs4,decode,16,prefill_sample,1,3,128,129,1,0.019456,0.019456,0.019456,0.019456
decode_bs4,decode,16,prefill_sample,1,4,128,129,4,0.021512,0.020752,0.0238592,0.02432
decode_bs4,decode,16,prefill_sample,1,4,128,130,2,0.020752,0.020752,0.0221488,0.022304
decode_bs4,decode,16,prefill_sample,1,4,128,131,4,0.023295999999999997,0.02432,0.025344,0.025344
decode_bs4,decode,16,prefill_sample,1,4,128,132,2,0.021776,0.021776,0.023144,0.023296
decode_bs4,decode,16,prefill_sample,1,4,128,136,1,0.022272,0.022272,0.022272,0.022272
decode_bs4,decode,16,prefill_sample,1,4,128,138,1,0.02432,0.02432,0.02432,0.02432
decode_bs4,decode,16,prefill_sample,1,4,128,139,1,0.018176,0.018176,0.018176,0.018176
decode_bs4,decode,16,prefill_sample,1,4,128,140,1,0.021248,0.021248,0.021248,0.021248
decode_bs4,decode,16,prefill_sample,1,4,128,141,2,0.02176,0.02176,0.0231424,0.023296
decode_bs4,decode,16,prefill_sample,1,4,128,142,1,0.02432,0.02432,0.02432,0.02432
decode_bs8,decode,16,decode_engine,0,1,0,150,1,6.385664,6.385664,6.385664,6.385664
decode_bs8,decode,16,decode_engine,0,2,0,149,1,6.51264,6.51264,6.51264,6.51264
decode_bs8,decode,16,decode_engine,0,3,0,149,1,6.55872,6.55872,6.55872,6.55872
decode_bs8,decode,16,decode_engine,0,4,0,148,1,6.752256,6.752256,6.752256,6.752256
decode_bs8,decode,16,decode_engine,0,5,0,148,1,7.043072,7.043072,7.043072,7.043072
decode_bs8,decode,16,decode_engine,0,6,0,147,1,7.369728,7.369728,7.369728,7.369728
decode_bs8,decode,16,decode_engine,0,7,0,147,1,13.96736,13.96736,13.96736,13.96736
decode_bs8,decode,16,decode_engine,0,8,0,133,2,13.926912,13.926912,13.939353599999999,13.940736
decode_bs8,decode,16,decode_engine,0,8,0,134,2,13.922304,13.922304,13.922304,13.922304
decode_bs8,decode,16,decode_engine,0,8,0,135,2,13.90848,13.90848,13.9089408,13.908992
decode_bs8,decode,16,decode_engine,0,8,0,136,5,13.9155456,13.915136,13.9239424,13.925376
decode_bs8,decode,16,decode_engine,0,8,0,137,5,13.9196416,13.91104,13.9442176,13.950976
decode_bs8,decode,16,decode_engine,0,8,0,138,5,13.9137024,13.914112,13.920460799999999,13.92128
decode_bs8,decode,16,decode_engine,0,8,0,139,3,13.913088,13.918208,13.918208,13.918208
decode_bs8,decode,16,decode_engine,0,8,0,140,6,13.924864,13.913599999999999,13.984,14.006272
decode_bs8,decode,16,decode_engine,0,8,0,141,4,13.94772,13.939712,13.9941888,14.002176
decode_bs8,decode,16,decode_engine,0,8,0,142,5,13.913088,13.910016,13.9220992,13.923328
decode_bs8,decode,16,decode_engine,0,8,0,143,5,13.9278336,13.924352,13.947904,13.949952
decode_bs8,decode,16,decode_engine,0,8,0,144,1,13.914112,13.914112,13.914112,13.914112
decode_bs8,decode,16,decode_engine,0,8,0,145,1,13.92128,13.92128,13.92128,13.92128
decode_bs8,decode,16,decode_engine,0,8,0,146,1,13.914112,13.914112,13.914112,13.914112
decode_bs8,decode,16,decode_engine,1,1,128,128,1,18.942976,18.942976,18.942976,18.942976
decode_bs8,decode,16,decode_engine,1,2,128,128,1,18.770945,18.770945,18.770945,18.770945
decode_bs8,decode,16,decode_engine,1,3,128,129,1,19.060736,19.060736,19.060736,19.060736
decode_bs8,decode,16,decode_engine,1,4,128,129,1,19.291136,19.291136,19.291136,19.291136
decode_bs8,decode,16,decode_engine,1,5,128,130,1,19.65568,19.65568,19.65568,19.65568
decode_bs8,decode,16,decode_engine,1,6,128,130,1,19.97312,19.97312,19.97312,19.97312
decode_bs8,decode,16,decode_engine,1,7,128,131,1,18.225151,18.225151,18.225151,18.225151
decode_bs8,decode,16,decode_engine,1,8,128,131,3,18.312191333333335,18.310144,18.334104699999997,18.336767
decode_bs8,decode,16,decode_engine,1,8,128,132,3,18.259285666666667,18.213888,18.351207300000002,18.366465
decode_bs8,decode,16,decode_engine,1,8,128,133,2,18.388991,18.388991,18.4138742,18.416639
decode_bs8,decode,16,decode_engine,1,8,128,138,1,18.159616,18.159616,18.159616,18.159616
decode_bs8,decode,16,decode_engine,1,8,128,139,1,18.205696,18.205696,18.205696,18.205696
decode_bs8,decode,16,decode_engine,1,8,128,140,1,18.502657,18.502657,18.502657,18.502657
decode_bs8,decode,16,decode_engine,1,8,128,141,1,18.447359,18.447359,18.447359,18.447359
decode_bs8,decode,16,decode_engine,1,8,128,142,1,18.167809,18.167809,18.167809,18.167809
decode_bs8,decode,16,decode_engine,1,8,128,144,1,18.234367,18.234367,18.234367,18.234367
decode_bs8,decode,16,decode_engine,1,8,128,145,1,18.14016,18.14016,18.14016,18.14016
decode_bs8,decode,16,decode_prepare,0,1,0,150,1,0.017408,0.017408,0.017408,0.017408
decode_bs8,decode,16,decode_prepare,0,2,0,149,1,0.017408,0.017408,0.017408,0.017408
decode_bs8,decode,16,decode_prepare,0,3,0,149,1,0.018112,0.018112,0.018112,0.018112
decode_bs8,decode,16,decode_prepare,0,4,0,148,1,0.017184,0.017184,0.017184,0.017184
decode_bs8,decode,16,decode_prepare,0,5,0,148,1,0.016384,0.016384,0.016384,0.016384
decode_bs8,decode,16,decode_prepare,0,6,0,147,1,0.017216,0.017216,0.017216,0.017216
decode_bs8,decode,16,decode_prepare,0,7,0,147,1,0.017408,0.017408,0.017408,0.017408
decode_bs8,decode,16,decode_prepare,0,8,0,133,2,0.017712,0.017712,0.0179856,0.018016
decode_bs8,decode,16,decode_prepare,0,8,0,134,2,0.016736,0.016736,0.0167936,0.0168
decode_bs8,decode,16,decode_prepare,0,8,0,135,2,0.017008000000000002,0.017008000000000002,0.017368,0.017408
decode_bs8,decode,16,decode_prepare,0,8,0,136,5,0.017312,0.017408,0.017587199999999997,0.017632
decode_bs8,decode,16,decode_prepare,0,8,0,137,5,0.0171712,0.017312,0.0173696,0.017376
decode_bs8,decode,16,decode_prepare,0,8,0,138,5,0.0176,0.017184,0.0198592,0.02048
decode_bs8,decode,16,decode_prepare,0,8,0,139,3,0.016885333333333332,0.016864,0.0173536,0.017408
decode_bs8,decode,16,decode_prepare,0,8,0,140,6,0.017306666666666668,0.017472,0.018032,0.018048
decode_bs8,decode,16,decode_prepare,0,8,0,141,4,0.0174,0.017408,0.017408,0.017408
decode_bs8,decode,16,decode_prepare,0,8,0,142,5,0.0174144,0.017408,0.017984,0.01808
decode_bs8,decode,16,decode_prepare,0,8,0,143,5,0.0171264,0.017408,0.0176384,0.017696
decode_bs8,decode,16,decode_prepare,0,8,0,144,1,0.016384,0.016384,0.016384,0.016384
decode_bs8,decode,16,decode_prepare,0,8,0,145,1,0.016288,0.016288,0.016288,0.016288
decode_bs8,decode,16,decode_prepare,0,8,0,146,1,0.017344,0.017344,0.017344,0.017344
decode_bs8,decode,16,decode_prepare,1,1,128,128,1,0.021504,0.021504,0.021504,0.021504
decode_bs8,decode,16,decode_prepare,1,2,128,128,1,0.019456,0.019456,0.019456,0.019456
decode_bs8,decode,16,decode_prepare,1,3,128,129,1,0.018432,0.018432,0.018432,0.018432
decode_bs8,decode,16,decode_prepare,1,4,128,129,1,0.018432,0.018432,0.018432,0.018432
decode_bs8,decode,16,decode_prepare,1,5,128,130,1,0.021504,0.021504,0.021504,0.021504
decode_bs8,decode,16,decode_prepare,1,6,128,130,1,0.019456,0.019456,0.019456,0.019456
decode_bs8,decode,16,decode_prepare,1,7,128,131,1,0.019456,0.019456,0.019456,0.019456
decode_bs8,decode,16,decode_prepare,1,8,128,131,3,0.02013866666666667,0.02048,0.02048,0.02048
decode_bs8,decode,16,decode_prepare,1,8,128,132,3,0.023210666666666668,0.019456,0.0305152,0.031744
decode_bs8,decode,16,decode_prepare,1,8,128,133,2,0.019968,0.019968,0.0204288,0.02048
decode_bs8,decode,16,decode_prepare,1,8,128,138,1,0.017408,0.017408,0.017408,0.017408
decode_bs8,decode,16,decode_prepare,1,8,128,139,1,0.017728,0.017728,0.017728,0.017728
decode_bs8,decode,16,decode_prepare,1,8,128,140,1,0.021504,0.021504,0.021504,0.021504
decode_bs8,decode,16,decode_prepare,1,8,128,141,1,0.019456,0.019456,0.019456,0.019456
decode_bs8,decode,16,decode_prepare,1,8,128,142,1,0.023552,0.023552,0.023552,0.023552
decode_bs8,decode,16,decode_prepare,1,8,128,144,1,0.019456,0.019456,0.019456,0.019456
decode_bs8,decode,16,decode_prepare,1,8,128,145,1,0.019456,0.019456,0.019456,0.019456
decode_bs8,decode,16,decode_sample,0,1,0,150,1,0.01696,0.01696,0.01696,0.01696
decode_bs8,decode,16,decode_sample,0,2,0,149,1,0.024,0.024,0.024,0.024
decode_bs8,decode,16,decode_sample,0,3,0,149,1,0.02704,0.02704,0.02704,0.02704
decode_bs8,decode,16,decode_sample,0,4,0,148,1,0.029248,0.029248,0.029248,0.029248
decode_bs8,decode,16,decode_sample,0,5,0,148,1,0.04032,0.04032,0.04032,0.04032
decode_bs8,decode,16,decode_sample,0,6,0,147,1,0.044416,0.044416,0.044416,0.044416
decode_bs8,decode,16,decode_sample,0,7,0,147,1,0.04752,0.04752,0.04752,0.04752
decode_bs8,decode,16,decode_sample,0,8,0,133,2,0.053024,0.053024,0.0534848,0.053536
decode_bs8,decode,16,decode_sample,0,8,0,134,2,0.048512,0.048512,0.0493472,0.04944
decode_bs8,decode,16,decode_sample,0,8,0,135,2,0.049552,0.049552,0.0503728,0.050464
decode_bs8,decode,16,decode_sample,0,8,0,136,5,0.051692800000000004,0.052512,0.052512,0.052512
decode_bs8,decode,16,decode_sample,0,8,0,137,5,0.0512832,0.051488,0.052307200000000005,0.052512
decode_bs8,decode,16,decode_sample,0,8,0,138,5,0.051692800000000004,0.052512,0.0533312,0.053536
decode_bs8,decode,16,decode_sample,0,8,0,139,3,0.05114666666666667,0.051488,0.051488,0.051488
decode_bs8,decode,16,decode_sample,0,8,0,140,6,0.052064,0.053024,0.05456,0.05456
decode_bs8,decode,16,decode_sample,0,8,0,141,4,0.05072,0.050976,0.051488,0.051488
decode_bs8,decode,16,decode_sample,0,8,0,142,5,0.0509056,0.050624,0.0531264,0.053536
decode_bs8,decode,16,decode_sample,0,8,0,143,5,0.0508736,0.051488,0.0533312,0.053536
decode_bs8,decode,16,decode_sample,0,8,0,144,1,0.050464,0.050464,0.050464,0.050464
decode_bs8,decode,16,decode_sample,0,8,0,145,1,0.04944,0.04944,0.04944,0.04944
decode_bs8,decode,16,decode_sample,0,8,0,146,1,0.052512,0.052512,0.052512,0.052512
decode_bs8,decode,16,decode_sample,1,1,128,128,1,0.023392,0.023392,0.023392,0.023392
decode_bs8,decode,16,decode_sample,1,2,128,128,1,0.019232,0.019232,0.019232,0.019232
decode_bs8,decode,16,decode_sample,1,3,128,129,1,0.027392,0.027392,0.027392,0.027392
decode_bs8,decode,16,decode_sample,1,4,128,129,1,0.035648,0.035648,0.035648,0.035648
decode_bs8,decode,16,decode_sample,1,5,128,130,1,0.038688,0.038688,0.038688,0.038688
decode_bs8,decode,16,decode_sample,1,6,128,130,1,0.041728,0.041728,0.041728,0.041728
decode_bs8,decode,16,decode_sample,1,7,128,131,1,0.048928,0.048928,0.048928,0.048928
decode_bs8,decode,16,decode_sample,1,8,128,131,3,0.050645333333333334,0.05024,0.0517088,0.051872
decode_bs8,decode,16,decode_sample,1,8,128,132,3,0.05083733333333333,0.048768,0.055248,0.055968
decode_bs8,decode,16,decode_sample,1,8,128,133,2,0.052896,0.052896,0.052896,0.052896
decode_bs8,decode,16,decode_sample,1,8,128,138,1,0.049824,0.049824,0.049824,0.049824
decode_bs8,decode,16,decode_sample,1,8,128,139,1,0.050816,0.050816,0.050816,0.050816
decode_bs8,decode,16,decode_sample,1,8,128,140,1,0.049824,0.049824,0.049824,0.049824
decode_bs8,decode,16,decode_sample,1,8,128,141,1,0.050208,0.050208,0.050208,0.050208
decode_bs8,decode,16,decode_sample,1,8,128,142,1,0.052896,0.052896,0.052896,0.052896
decode_bs8,decode,16,decode_sample,1,8,128,144,1,0.051872,0.051872,0.051872,0.051872
decode_bs8,decode,16,decode_sample,1,8,128,145,1,0.0488,0.0488,0.0488,0.0488
decode_bs8,decode,16,prefill_cache_commit,1,0,128,0,2,0.003584,0.003584,0.0040447999999999994,0.004096
decode_bs8,decode,16,prefill_cache_commit,1,1,128,128,1,0.004096,0.004096,0.004096,0.004096
decode_bs8,decode,16,prefill_cache_commit,1,2,128,128,1,0.004096,0.004096,0.004096,0.004096
decode_bs8,decode,16,prefill_cache_commit,1,3,128,129,1,0.004096,0.004096,0.004096,0.004096
decode_bs8,decode,16,prefill_cache_commit,1,4,128,129,1,0.004096,0.004096,0.004096,0.004096
decode_bs8,decode,16,prefill_cache_commit,1,5,128,130,1,0.004096,0.004096,0.004096,0.004096
decode_bs8,decode,16,prefill_cache_commit,1,6,128,130,1,0.004096,0.004096,0.004096,0.004096
decode_bs8,decode,16,prefill_cache_commit,1,7,128,131,1,0.003072,0.003072,0.003072,0.003072
decode_bs8,decode,16,prefill_cache_commit,1,8,128,131,3,0.0037546666666666666,0.004096,0.004096,0.004096
decode_bs8,decode,16,prefill_cache_commit,1,8,128,132,3,0.0034133333333333333,0.003072,0.0039936,0.004096
decode_bs8,decode,16,prefill_cache_commit,1,8,128,133,2,0.003072,0.003072,0.003072,0.003072
decode_bs8,decode,16,prefill_cache_commit,1,8,128,138,1,0.004096,0.004096,0.004096,0.004096
decode_bs8,decode,16,prefill_cache_commit,1,8,128,139,1,0.003072,0.003072,0.003072,0.003072
decode_bs8,decode,16,prefill_cache_commit,1,8,128,140,1,0.004096,0.004096,0.004096,0.004096
decode_bs8,decode,16,prefill_cache_commit,1,8,128,141,1,0.004096,0.004096,0.004096,0.004096
decode_bs8,decode,16,prefill_cache_commit,1,8,128,142,1,0.003072,0.003072,0.003072,0.003072
decode_bs8,decode,16,prefill_cache_commit,1,8,128,144,1,0.004096,0.004096,0.004096,0.004096
decode_bs8,decode,16,prefill_cache_commit,1,8,128,145,1,0.003072,0.003072,0.003072,0.003072
decode_bs8,decode,16,prefill_engine,1,0,128,0,2,18.163312,18.163312,18.2385232,18.24688
decode_bs8,decode,16,prefill_engine,1,1,128,128,1,18.144257,18.144257,18.144257,18.144257
decode_bs8,decode,16,prefill_engine,1,2,128,128,1,18.204672,18.204672,18.204672,18.204672
decode_bs8,decode,16,prefill_engine,1,3,128,129,1,18.138111,18.138111,18.138111,18.138111
decode_bs8,decode,16,prefill_engine,1,4,128,129,1,18.145281,18.145281,18.145281,18.145281
decode_bs8,decode,16,prefill_engine,1,5,128,130,1,18.164736,18.164736,18.164736,18.164736
decode_bs8,decode,16,prefill_engine,1,6,128,130,1,18.151424,18.151424,18.151424,18.151424
decode_bs8,decode,16,prefill_engine,1,7,128,131,1,18.964479,18.964479,18.964479,18.964479
decode_bs8,decode,16,prefill_engine,1,8,128,131,3,19.013974,19.025921,19.025921,19.025921
decode_bs8,decode,16,prefill_engine,1,8,128,132,3,19.027626666666666,19.016705,19.136512099999997,19.149824
decode_bs8,decode,16,prefill_engine,1,8,128,133,2,19.08992,19.08992,19.1447552,19.150848
decode_bs8,decode,16,prefill_engine,1,8,128,138,1,18.867201,18.867201,18.867201,18.867201
decode_bs8,decode,16,prefill_engine,1,8,128,139,1,19.062784,19.062784,19.062784,19.062784
decode_bs8,decode,16,prefill_engine,1,8,128,140,1,18.771969,18.771969,18.771969,18.771969
decode_bs8,decode,16,prefill_engine,1,8,128,141,1,19.072001,19.072001,19.072001,19.072001
decode_bs8,decode,16,prefill_engine,1,8,128,142,1,19.023872,19.023872,19.023872,19.023872
decode_bs8,decode,16,prefill_engine,1,8,128,144,1,18.91328,18.91328,18.91328,18.91328
decode_bs8,decode,16,prefill_engine,1,8,128,145,1,18.984961,18.984961,18.984961,18.984961
decode_bs8,decode,16,prefill_prepare,1,0,128,0,2,0.052608,0.052608,0.0742656,0.076672
decode_bs8,decode,16,prefill_prepare,1,1,128,128,1,0.027648,0.027648,0.027648,0.027648
decode_bs8,decode,16,prefill_prepare,1,2,128,128,1,0.028448,0.028448,0.028448,0.028448
decode_bs8,decode,16,prefill_prepare,1,3,128,129,1,0.028096,0.028096,0.028096,0.028096
decode_bs8,decode,16,prefill_prepare,1,4,128,129,1,0.02944,0.02944,0.02944,0.02944
decode_bs8,decode,16,prefill_prepare,1,5,128,130,1,0.026624,0.026624,0.026624,0.026624
decode_bs8,decode,16,prefill_prepare,1,6,128,130,1,0.027936,0.027936,0.027936,0.027936
decode_bs8,decode,16,prefill_prepare,1,7,128,131,1,0.028416,0.028416,0.028416,0.028416
decode_bs8,decode,16,prefill_prepare,1,8,128,131,3,0.027381333333333334,0.0272,0.028208,0.02832
decode_bs8,decode,16,prefill_prepare,1,8,128,132,3,0.026965333333333334,0.027648,0.027648,0.027648
decode_bs8,decode,16,prefill_prepare,1,8,128,133,2,0.026431999999999997,0.026431999999999997,0.026892799999999998,0.026944
decode_bs8,decode,16,prefill_prepare,1,8,128,138,1,0.027648,0.027648,0.027648,0.027648
decode_bs8,decode,16,prefill_prepare,1,8,128,139,1,0.028288,0.028288,0.028288,0.028288
decode_bs8,decode,16,prefill_prepare,1,8,128,140,1,0.027648,0.027648,0.027648,0.027648
decode_bs8,decode,16,prefill_prepare,1,8,128,141,1,0.027648,0.027648,0.027648,0.027648
decode_bs8,decode,16,prefill_prepare,1,8,128,142,1,0.027648,0.027648,0.027648,0.027648
decode_bs8,decode,16,prefill_prepare,1,8,128,144,1,0.028416,0.028416,0.028416,0.028416
decode_bs8,decode,16,prefill_prepare,1,8,128,145,1,0.027648,0.027648,0.027648,0.027648
decode_bs8,decode,16,prefill_sample,1,0,128,0,2,0.022608,0.022608,0.0232272,0.023296
decode_bs8,decode,16,prefill_sample,1,1,128,128,1,0.01888,0.01888,0.01888,0.01888
decode_bs8,decode,16,prefill_sample,1,2,128,128,1,0.023392,0.023392,0.023392,0.023392
decode_bs8,decode,16,prefill_sample,1,3,128,129,1,0.022784,0.022784,0.022784,0.022784
decode_bs8,decode,16,prefill_sample,1,4,128,129,1,0.024608,0.024608,0.024608,0.024608
decode_bs8,decode,16,prefill_sample,1,5,128,130,1,0.024928,0.024928,0.024928,0.024928
decode_bs8,decode,16,prefill_sample,1,6,128,130,1,0.022656,0.022656,0.022656,0.022656
decode_bs8,decode,16,prefill_sample,1,7,128,131,1,0.019136,0.019136,0.019136,0.019136
decode_bs8,decode,16,prefill_sample,1,8,128,131,3,0.022549333333333334,0.022208,0.0240512,0.024256
decode_bs8,decode,16,prefill_sample,1,8,128,132,3,0.022645333333333333,0.021184,0.0251584,0.0256
decode_bs8,decode,16,prefill_sample,1,8,128,133,2,0.022368,0.022368,0.0234336,0.023552
decode_bs8,decode,16,prefill_sample,1,8,128,138,1,0.024896,0.024896,0.024896,0.024896
decode_bs8,decode,16,prefill_sample,1,8,128,139,1,0.018016,0.018016,0.018016,0.018016
decode_bs8,decode,16,prefill_sample,1,8,128,140,1,0.031552,0.031552,0.031552,0.031552
decode_bs8,decode,16,prefill_sample,1,8,128,141,1,0.027648,0.027648,0.027648,0.027648
decode_bs8,decode,16,prefill_sample,1,8,128,142,1,0.019072,0.019072,0.019072,0.019072
decode_bs8,decode,16,prefill_sample,1,8,128,144,1,0.02992,0.02992,0.02992,0.02992
decode_bs8,decode,16,prefill_sample,1,8,128,145,1,0.021216,0.021216,0.021216,0.021216
decode_bs16,decode,16,decode_engine,0,1,0,150,1,6.457344,6.457344,6.457344,6.457344
decode_bs16,decode,16,decode_engine,0,2,0,149,1,6.462464,6.462464,6.462464,6.462464
decode_bs16,decode,16,decode_engine,0,3,0,149,1,6.586368,6.586368,6.586368,6.586368
decode_bs16,decode,16,decode_engine,0,4,0,148,1,6.776832,6.776832,6.776832,6.776832
decode_bs16,decode,16,decode_engine,0,5,0,148,1,7.08096,7.08096,7.08096,7.08096
decode_bs16,decode,16,decode_engine,0,6,0,147,1,7.428096,7.428096,7.428096,7.428096
decode_bs16,decode,16,decode_engine,0,7,0,146,1,14.020608,14.020608,14.020608,14.020608
decode_bs16,decode,16,decode_engine,0,7,0,147,1,13.961216,13.961216,13.961216,13.961216
decode_bs16,decode,16,decode_engine,0,8,0,138,1,14.065664,14.065664,14.065664,14.065664
decode_bs16,decode,16,decode_engine,0,8,0,139,1,14.020608,14.020608,14.020608,14.020608
decode_bs16,decode,16,decode_engine,0,8,0,140,1,14.001152,14.001152,14.001152,14.001152
decode_bs16,decode,16,decode_engine,0,8,0,141,1,13.970496,13.970496,13.970496,13.970496
decode_bs16,decode,16,decode_engine,0,8,0,142,1,13.99296,13.99296,13.99296,13.99296
decode_bs16,decode,16,decode_engine,0,8,0,143,1,13.983744,13.983744,13.983744,13.983744
decode_bs16,decode,16,decode_engine,0,8,0,144,1,13.971456,13.971456,13.971456,13.971456
decode_bs16,decode,16,decode_engine,0,8,0,145,1,13.971456,13.971456,13.971456,13.971456
decode_bs16,decode,16,decode_engine,0,9,0,139,1,14.092288,14.092288,14.092288,14.092288
decode_bs16,decode,16,decode_engine,0,10,0,139,1,14.10048,14.10048,14.10048,14.10048
decode_bs16,decode,16,decode_engine,0,11,0,139,1,14.123008,14.123008,14.123008,14.123008
decode_bs16,decode,16,decode_engine,0,12,0,139,1,14.121984,14.121984,14.121984,14.121984
decode_bs16,decode,16,decode_engine,0,13,0,139,1,14.185472,14.185472,14.185472,14.185472
decode_bs16,decode,16,decode_engine,0,14,0,139,1,14.191616,14.191616,14.191616,14.191616
decode_bs16,decode,16,decode_engine,0,15,0,138,1,14.12096,14.12096,14.12096,14.12096
decode_bs16,decode,16,decode_engine,0,16,0,135,1,14.029824,14.029824,14.029824,14.029824
decode_bs16,decode,16,decode_engine,0,16,0,136,1,13.969408,13.969408,13.969408,13.969408
decode_bs16,decode,16,decode_engine,0,16,0,137,1,13.964288,13.964288,13.964288,13.964288
decode_bs16,decode,16,decode_engine,0,16,0,138,1,13.973504,13.973504,13.973504,13.973504
decode_bs16,decode,16,decode_engine,0,16,0,139,1,13.9776,13.9776,13.9776,13.9776
decode_bs16,decode,16,decode_engine,0,16,0,140,1,14.01344,14.01344,14.01344,14.01344
decode_bs16,decode,16,decode_engine,0,16,0,141,1,13.989888,13.989888,13.989888,13.989888
decode_bs16,decode,16,decode_engine,0,16,0,142,2,13.994048,13.994048,13.994912000000001,13.995008
decode_bs16,decode,16,decode_engine,1,1,128,128,1,18.930689,18.930689,18.930689,18.930689
decode_bs16,decode,16,decode_engine,1,2,128,128,1,18.916351,18.916351,18.916351,18.916351
decode_bs16,decode,16,decode_engine,1,3,128,129,1,19.024897,19.024897,19.024897,19.024897
decode_bs16,decode,16,decode_engine,1,4,128,129,1,19.305471,19.305471,19.305471,19.305471
decode_bs16,decode,16,decode_engine,1,5,128,130,1,19.799488,19.799488,19.799488,19.799488
decode_bs16,decode,16,decode_engine,1,6,128,130,1,19.667969,19.667969,19.667969,19.667969
decode_bs16,decode,16,decode_engine,1,7,128,131,1,18.302143,18.302143,18.302143,18.302143
decode_bs16,decode,16,decode_engine,1,8,128,131,1,18.289663,18.289663,18.289663,18.289663
decode_bs16,decode,16,decode_engine,1,9,128,132,1,18.316288,18.316288,18.316288,18.316288
decode_bs16,decode,16,decode_engine,1,10,128,132,1,18.540545,18.540545,18.540545,18.540545
decode_bs16,decode,16,decode_engine,1,11,128,133,1,18.304001,18.304001,18.304001,18.304001
decode_bs16,decode,16,decode_engine,1,12,128,133,1,18.433023,18.433023,18.433023,18.433023
decode_bs16,decode,16,decode_engine,1,13,128,134,1,18.32448,18.32448,18.32448,18.32448
decode_bs16,decode,16,decode_engine,1,14,128,134,1,18.386944,18.386944,18.386944,18.386944
decode_bs16,decode,16,decode_engine,1,15,128,135,1,18.351105,18.351105,18.351105,18.351105
decode_bs16,decode,16,decode_engine,1,15,128,139,2,18.561025,18.561025,18.6006538,18.605057
decode_bs16,decode,16,decode_engine,1,15,128,140,2,18.4063995,18.4063995,18.422987850000002,18.424831
decode_bs16,decode,16,decode_engine,1,15,128,141,1,18.393087,18.393087,18.393087,18.393087
decode_bs16,decode,16,decode_engine,1,15,128,142,2,18.3935995,18.3935995,18.52769185,18.542591
decode_bs16,decode,16,decode_prepare,0,1,0,150,1,0.01696,0.01696,0.01696,0.01696
decode_bs16,decode,16,decode_prepare,0,2,0,149,1,0.016992,0.016992,0.016992,0.016992
decode_bs16,decode,16,decode_prepare,0,3,0,149,1,0.016352,0.016352,0.016352,0.016352
decode_bs16,decode,16,decode_prepare,0,4,0,148,1,0.016384,0.016384,0.016384,0.016384
decode_bs16,decode,16,decode_prepare,0,5,0,148,1,0.017408,0.017408,0.017408,0.017408
decode_bs16,decode,16,decode_prepare,0,6,0,147,1,0.01664,0.01664,0.01664,0.01664
decode_bs16,decode,16,decode_prepare,0,7,0,146,1,0.016384,0.016384,0.016384,0.016384
decode_bs16,decode,16,decode_prepare,0,7,0,147,1,0.017216,0.017216,0.017216,0.017216
decode_bs16,decode,16,decode_prepare,0,8,0,138,1,0.017408,0.017408,0.017408,0.017408
decode_bs16,decode,16,decode_prepare,0,8,0,139,1,0.01744,0.01744,0.01744,0.01744
decode_bs16,decode,16,decode_prepare,0,8,0,140,1,0.016736,0.016736,0.016736,0.016736
decode_bs16,decode,16,decode_prepare,0,8,0,141,1,0.017376,0.017376,0.017376,0.017376
decode_bs16,decode,16,decode_prepare,0,8,0,142,1,0.017312,0.017312,0.017312,0.017312
decode_bs16,decode,16,decode_prepare,0,8,0,143,1,0.016384,0.016384,0.016384,0.016384
decode_bs16,decode,16,decode_prepare,0,8,0,144,1,0.017408,0.017408,0.017408,0.017408
decode_bs16,decode,16,decode_prepare,0,8,0,145,1,0.016384,0.016384,0.016384,0.016384
decode_bs16,decode,16,decode_prepare,0,9,0,139,1,0.017408,0.017408,0.017408,0.017408
decode_bs16,decode,16,decode_prepare,0,10,0,139,1,0.017408,0.017408,0.017408,0.017408
decode_bs16,decode,16,decode_prepare,0,11,0,139,1,0.01712,0.01712,0.01712,0.01712
decode_bs16,decode,16,decode_prepare,0,12,0,139,1,0.017408,0.017408,0.017408,0.017408
decode_bs16,decode,16,decode_prepare,0,13,0,139,1,0.017408,0.017408,0.017408,0.017408
decode_bs16,decode,16,decode_prepare,0,14,0,139,1,0.017408,0.017408,0.017408,0.017408
decode_bs16,decode,16,decode_prepare,0,15,0,138,1,0.017056,0.017056,0.017056,0.017056
decode_bs16,decode,16,decode_prepare,0,16,0,135,1,0.019008,0.019008,0.019008,0.019008
decode_bs16,decode,16,decode_prepare,0,16,0,136,1,0.018432,0.018432,0.018432,0.018432
decode_bs16,decode,16,decode_prepare,0,16,0,137,1,0.018144,0.018144,0.018144,0.018144
decode_bs16,decode,16,decode_prepare,0,16,0,138,1,0.017408,0.017408,0.017408,0.017408
decode_bs16,decode,16,decode_prepare,0,16,0,139,1,0.017504,0.017504,0.017504,0.017504
decode_bs16,decode,16,decode_prepare,0,16,0,140,1,0.017312,0.017312,0.017312,0.017312
decode_bs16,decode,16,decode_prepare,0,16,0,141,1,0.017408,0.017408,0.017408,0.017408
decode_bs16,decode,16,decode_prepare,0,16,0,142,2,0.017744,0.017744,0.0182192,0.018272
decode_bs16,decode,16,decode_prepare,1,1,128,128,1,0.019456,0.019456,0.019456,0.019456
decode_bs16,decode,16,decode_prepare,1,2,128,128,1,0.014336,0.014336,0.014336,0.014336
decode_bs16,decode,16,decode_prepare,1,3,128,129,1,0.021504,0.021504,0.021504,0.021504
decode_bs16,decode,16,decode_prepare,1,4,128,129,1,0.018432,0.018432,0.018432,0.018432
decode_bs16,decode,16,decode_prepare,1,5,128,130,1,0.018432,0.018432,0.018432,0.018432
decode_bs16,decode,16,decode_prepare,1,6,128,130,1,0.017408,0.017408,0.017408,0.017408
decode_bs16,decode,16,decode_prepare,1,7,128,131,1,0.016384,0.016384,0.016384,0.016384
decode_bs16,decode,16,decode_prepare,1,8,128,131,1,0.017408,0.017408,0.017408,0.017408
decode_bs16,decode,16,decode_prepare,1,9,128,132,1,0.018432,0.018432,0.018432,0.018432
decode_bs16,decode,16,decode_prepare,1,10,128,132,1,0.022528,0.022528,0.022528,0.022528
decode_bs16,decode,16,decode_prepare,1,11,128,133,1,0.021504,0.021504,0.021504,0.021504
decode_bs16,decode,16,decode_prepare,1,12,128,133,1,0.02048,0.02048,0.02048,0.02048
decode_bs16,decode,16,decode_prepare,1,13,128,134,1,0.018432,0.018432,0.018432,0.018432
decode_bs16,decode,16,decode_prepare,1,14,128,134,1,0.017408,0.017408,0.017408,0.017408
decode_bs16,decode,16,decode_prepare,1,15,128,135,1,0.023552,0.023552,0.023552,0.023552
decode_bs16,decode,16,decode_prepare,1,15,128,139,2,0.019456,0.019456,0.019456,0.019456
decode_bs16,decode,16,decode_prepare,1,15,128,140,2,0.018432,0.018432,0.019353600000000002,0.019456
decode_bs16,decode,16,decode_prepare,1,15,128,141,1,0.021504,0.021504,0.021504,0.021504
decode_bs16,decode,16,decode_prepare,1,15,128,142,2,0.018944000000000003,0.018944000000000003,0.0194048,0.019456
decode_bs16,decode,16,decode_sample,0,1,0,150,1,0.025024,0.025024,0.025024,0.025024
decode_bs16,decode,16,decode_sample,0,2,0,149,1,0.018848,0.018848,0.018848,0.018848
decode_bs16,decode,16,decode_sample,0,3,0,149,1,0.02704,0.02704,0.02704,0.02704
decode_bs16,decode,16,decode_sample,0,4,0,148,1,0.031136,0.031136,0.031136,0.031136
decode_bs16,decode,16,decode_sample,0,5,0,148,1,0.040352,0.040352,0.040352,0.040352
decode_bs16,decode,16,decode_sample,0,6,0,147,1,0.046496,0.046496,0.046496,0.046496
decode_bs16,decode,16,decode_sample,0,7,0,146,1,0.043424,0.043424,0.043424,0.043424
decode_bs16,decode,16,decode_sample,0,7,0,147,1,0.044448,0.044448,0.044448,0.044448
decode_bs16,decode,16,decode_sample,0,8,0,138,1,0.051488,0.051488,0.051488,0.051488
decode_bs16,decode,16,decode_sample,0,8,0,139,1,0.053536,0.053536,0.053536,0.053536
decode_bs16,decode,16,decode_sample,0,8,0,140,1,0.04944,0.04944,0.04944,0.04944
decode_bs16,decode,16,decode_sample,0,8,0,141,1,0.053536,0.053536,0.053536,0.053536
decode_bs16,decode,16,decode_sample,0,8,0,142,1,0.047392,0.047392,0.047392,0.047392
decode_bs16,decode,16,decode_sample,0,8,0,143,1,0.05456,0.05456,0.05456,0.05456
decode_bs16,decode,16,decode_sample,0,8,0,144,1,0.050464,0.050464,0.050464,0.050464
decode_bs16,decode,16,decode_sample,0,8,0,145,1,0.048416,0.048416,0.048416,0.048416
decode_bs16,decode,16,decode_sample,0,9,0,139,1,0.05264,0.05264,0.05264,0.05264
decode_bs16,decode,16,decode_sample,0,10,0,139,1,0.055712,0.055712,0.055712,0.055712
decode_bs16,decode,16,decode_sample,0,11,0,139,1,0.061248,0.061248,0.061248,0.061248
decode_bs16,decode,16,decode_sample,0,12,0,139,1,0.065952,0.065952,0.065952,0.065952
decode_bs16,decode,16,decode_sample,0,13,0,139,1,0.077216,0.077216,0.077216,0.077216
decode_bs16,decode,16,decode_sample,0,14,0,139,1,0.079264,0.079264,0.079264,0.079264
decode_bs16,decode,16,decode_sample,0,15,0,138,1,0.08336,0.08336,0.08336,0.08336
decode_bs16,decode,16,decode_sample,0,16,0,135,1,0.087328,0.087328,0.087328,0.087328
decode_bs16,decode,16,decode_sample,0,16,0,136,1,0.091424,0.091424,0.091424,0.091424
decode_bs16,decode,16,decode_sample,0,16,0,137,1,0.0904,0.0904,0.0904,0.0904
decode_bs16,decode,16,decode_sample,0,16,0,138,1,0.086304,0.086304,0.086304,0.086304
decode_bs16,decode,16,decode_sample,0,16,0,139,1,0.091424,0.091424,0.091424,0.091424
decode_bs16,decode,16,decode_sample,0,16,0,140,1,0.0904,0.0904,0.0904,0.0904
decode_bs16,decode,16,decode_sample,0,16,0,141,1,0.084256,0.084256,0.084256,0.084256
decode_bs16,decode,16,decode_sample,0,16,0,142,2,0.087008,0.087008,0.0891392,0.089376
decode_bs16,decode,16,decode_sample,1,1,128,128,1,0.023328,0.023328,0.023328,0.023328
decode_bs16,decode,16,decode_sample,1,2,128,128,1,0.02336,0.02336,0.02336,0.02336
decode_bs16,decode,16,decode_sample,1,3,128,129,1,0.029472,0.029472,0.029472,0.029472
decode_bs16,decode,16,decode_sample,1,4,128,129,1,0.033568,0.033568,0.033568,0.033568
decode_bs16,decode,16,decode_sample,1,5,128,130,1,0.038688,0.038688,0.038688,0.038688
decode_bs16,decode,16,decode_sample,1,6,128,130,1,0.042016,0.042016,0.042016,0.042016
decode_bs16,decode,16,decode_sample,1,7,128,131,1,0.050976,0.050976,0.050976,0.050976
decode_bs16,decode,16,decode_sample,1,8,128,131,1,0.054944,0.054944,0.054944,0.054944
decode_bs16,decode,16,decode_sample,1,9,128,132,1,0.053024,0.053024,0.053024,0.053024
decode_bs16,decode,16,decode_sample,1,10,128,132,1,0.063264,0.063264,0.063264,0.063264
decode_bs16,decode,16,decode_sample,1,11,128,133,1,0.06224,0.06224,0.06224,0.06224
decode_bs16,decode,16,decode_sample,1,12,128,133,1,0.068384,0.068384,0.068384,0.068384
decode_bs16,decode,16,decode_sample,1,13,128,134,1,0.074528,0.074528,0.074528,0.074528
decode_bs16,decode,16,decode_sample,1,14,128,134,1,0.075552,0.075552,0.075552,0.075552
decode_bs16,decode,16,decode_sample,1,15,128,135,1,0.081696,0.081696,0.081696,0.081696
decode_bs16,decode,16,decode_sample,1,15,128,139,2,0.08528,0.08528,0.08574079999999999,0.085792
decode_bs16,decode,16,decode_sample,1,15,128,140,2,0.083904,0.083904,0.086784,0.087104
decode_bs16,decode,16,decode_sample,1,15,128,141,1,0.081696,0.081696,0.081696,0.081696
decode_bs16,decode,16,decode_sample,1,15,128,142,2,0.08579200000000001,0.08579200000000001,0.0876352,0.08784
decode_bs16,decode,16,prefill_cache_commit,1,0,128,0,2,0.003584,0.003584,0.0040447999999999994,0.004096
decode_bs16,decode,16,prefill_cache_commit,1,1,128,128,1,0.004096,0.004096,0.004096,0.004096
decode_bs16,decode,16,prefill_cache_commit,1,2,128,128,1,0.004096,0.004096,0.004096,0.004096
decode_bs16,decode,16,prefill_cache_commit,1,3,128,129,1,0.004096,0.004096,0.004096,0.004096
decode_bs16,decode,16,prefill_cache_commit,1,4,128,129,1,0.004096,0.004096,0.004096,0.004096
decode_bs16,decode,16,prefill_cache_commit,1,5,128,130,1,0.004096,0.004096,0.004096,0.004096
decode_bs16,decode,16,prefill_cache_commit,1,6,128,130,1,0.00512,0.00512,0.00512,0.00512
decode_bs16,decode,16,prefill_cache_commit,1,7,128,131,1,0.003072,0.003072,0.003072,0.003072
decode_bs16,decode,16,prefill_cache_commit,1,8,128,131,1,0.003072,0.003072,0.003072,0.003072
decode_bs16,decode,16,prefill_cache_commit,1,9,128,132,1,0.003072,0.003072,0.003072,0.003072
decode_bs16,decode,16,prefill_cache_commit,1,10,128,132,1,0.004096,0.004096,0.004096,0.004096
decode_bs16,decode,16,prefill_cache_commit,1,11,128,133,1,0.003072,0.003072,0.003072,0.003072
decode_bs16,decode,16,prefill_cache_commit,1,12,128,133,1,0.003072,0.003072,0.003072,0.003072
decode_bs16,decode,16,prefill_cache_commit,1,13,128,134,1,0.003072,0.003072,0.003072,0.003072
decode_bs16,decode,16,prefill_cache_commit,1,14,128,134,1,0.004096,0.004096,0.004096,0.004096
decode_bs16,decode,16,prefill_cache_commit,1,15,128,135,1,0.003072,0.003072,0.003072,0.003072
decode_bs16,decode,16,prefill_cache_commit,1,15,128,139,2,0.003584,0.003584,0.0040447999999999994,0.004096
decode_bs16,decode,16,prefill_cache_commit,1,15,128,140,2,0.004096,0.004096,0.004096,0.004096
decode_bs16,decode,16,prefill_cache_commit,1,15,128,141,1,0.003072,0.003072,0.003072,0.003072
decode_bs16,decode,16,prefill_cache_commit,1,15,128,142,2,0.003584,0.003584,0.0040447999999999994,0.004096
decode_bs16,decode,16,prefill_engine,1,0,128,0,2,18.127968000000003,18.127968000000003,18.1944096,18.201792
decode_bs16,decode,16,prefill_engine,1,1,128,128,1,18.141184,18.141184,18.141184,18.141184
decode_bs16,decode,16,prefill_engine,1,2,128,128,1,18.200577,18.200577,18.200577,18.200577
decode_bs16,decode,16,prefill_engine,1,3,128,129,1,18.144257,18.144257,18.144257,18.144257
decode_bs16,decode,16,prefill_engine,1,4,128,129,1,18.154495,18.154495,18.154495,18.154495
decode_bs16,decode,16,prefill_engine,1,5,128,130,1,18.236416,18.236416,18.236416,18.236416
decode_bs16,decode,16,prefill_engine,1,6,128,130,1,18.241535,18.241535,18.241535,18.241535
decode_bs16,decode,16,prefill_engine,1,7,128,131,1,18.839552,18.839552,18.839552,18.839552
decode_bs16,decode,16,prefill_engine,1,8,128,131,1,19.162111,19.162111,19.162111,19.162111
decode_bs16,decode,16,prefill_engine,1,9,128,132,1,19.060736,19.060736,19.060736,19.060736
decode_bs16,decode,16,prefill_engine,1,10,128,132,1,18.91328,18.91328,18.91328,18.91328
decode_bs16,decode,16,prefill_engine,1,11,128,133,1,19.048449,19.048449,19.048449,19.048449
decode_bs16,decode,16,prefill_engine,1,12,128,133,1,19.217407,19.217407,19.217407,19.217407
decode_bs16,decode,16,prefill_engine,1,13,128,134,1,19.169279,19.169279,19.169279,19.169279
decode_bs16,decode,16,prefill_engine,1,14,128,134,1,19.141632,19.141632,19.141632,19.141632
decode_bs16,decode,16,prefill_engine,1,15,128,135,1,19.130367,19.130367,19.130367,19.130367
decode_bs16,decode,16,prefill_engine,1,15,128,139,2,19.2261125,19.2261125,19.26712415,19.271681
decode_bs16,decode,16,prefill_engine,1,15,128,140,2,19.0602235,19.0602235,19.07543035,19.07712
decode_bs16,decode,16,prefill_engine,1,15,128,141,1,19.182592,19.182592,19.182592,19.182592
decode_bs16,decode,16,prefill_engine,1,15,128,142,2,19.0351365,19.0351365,19.03605765,19.03616
decode_bs16,decode,16,prefill_prepare,1,0,128,0,2,0.051488,0.051488,0.0724256,0.074752
decode_bs16,decode,16,prefill_prepare,1,1,128,128,1,0.028352,0.028352,0.028352,0.028352
decode_bs16,decode,16,prefill_prepare,1,2,128,128,1,0.027648,0.027648,0.027648,0.027648
decode_bs16,decode,16,prefill_prepare,1,3,128,129,1,0.027648,0.027648,0.027648,0.027648
decode_bs16,decode,16,prefill_prepare,1,4,128,129,1,0.02944,0.02944,0.02944,0.02944
decode_bs16,decode,16,prefill_prepare,1,5,128,130,1,0.03072,0.03072,0.03072,0.03072
decode_bs16,decode,16,prefill_prepare,1,6,128,130,1,0.0288,0.0288,0.0288,0.0288
decode_bs16,decode,16,prefill_prepare,1,7,128,131,1,0.028352,0.028352,0.028352,0.028352
decode_bs16,decode,16,prefill_prepare,1,8,128,131,1,0.026624,0.026624,0.026624,0.026624
decode_bs16,decode,16,prefill_prepare,1,9,128,132,1,0.027648,0.027648,0.027648,0.027648
decode_bs16,decode,16,prefill_prepare,1,10,128,132,1,0.027744,0.027744,0.027744,0.027744
decode_bs16,decode,16,prefill_prepare,1,11,128,133,1,0.026624,0.026624,0.026624,0.026624
decode_bs16,decode,16,prefill_prepare,1,12,128,133,1,0.027232,0.027232,0.027232,0.027232
decode_bs16,decode,16,prefill_prepare,1,13,128,134,1,0.026336,0.026336,0.026336,0.026336
decode_bs16,decode,16,prefill_prepare,1,14,128,134,1,0.027264,0.027264,0.027264,0.027264
decode_bs16,decode,16,prefill_prepare,1,15,128,135,1,0.027648,0.027648,0.027648,0.027648
decode_bs16,decode,16,prefill_prepare,1,15,128,139,2,0.027648,0.027648,0.027648,0.027648
decode_bs16,decode,16,prefill_prepare,1,15,128,140,2,0.027136,0.027136,0.027596799999999998,0.027648
decode_bs16,decode,16,prefill_prepare,1,15,128,141,1,0.027488,0.027488,0.027488,0.027488
decode_bs16,decode,16,prefill_prepare,1,15,128,142,2,0.027568,0.027568,0.027639999999999998,0.027648
decode_bs16,decode,16,prefill_sample,1,0,128,0,2,0.027743999999999998,0.027743999999999998,0.0302208,0.030496
decode_bs16,decode,16,prefill_sample,1,1,128,128,1,0.018912,0.018912,0.018912,0.018912
decode_bs16,decode,16,prefill_sample,1,2,128,128,1,0.020352,0.020352,0.020352,0.020352
decode_bs16,decode,16,prefill_sample,1,3,128,129,1,0.018336,0.018336,0.018336,0.018336
decode_bs16,decode,16,prefill_sample,1,4,128,129,1,0.021504,0.021504,0.021504,0.021504
decode_bs16,decode,16,prefill_sample,1,5,128,130,1,0.018176,0.018176,0.018176,0.018176
decode_bs16,decode,16,prefill_sample,1,6,128,130,1,0.024864,0.024864,0.024864,0.024864
decode_bs16,decode,16,prefill_sample,1,7,128,131,1,0.02048,0.02048,0.02048,0.02048
decode_bs16,decode,16,prefill_sample,1,8,128,131,1,0.02752,0.02752,0.02752,0.02752
decode_bs16,decode,16,prefill_sample,1,9,128,132,1,0.02496,0.02496,0.02496,0.02496
decode_bs16,decode,16,prefill_sample,1,10,128,132,1,0.019104,0.019104,0.019104,0.019104
decode_bs16,decode,16,prefill_sample,1,11,128,133,1,0.021184,0.021184,0.021184,0.021184
decode_bs16,decode,16,prefill_sample,1,12,128,133,1,0.022208,0.022208,0.022208,0.022208
decode_bs16,decode,16,prefill_sample,1,13,128,134,1,0.024032,0.024032,0.024032,0.024032
decode_bs16,decode,16,prefill_sample,1,14,128,134,1,0.023232,0.023232,0.023232,0.023232
decode_bs16,decode,16,prefill_sample,1,15,128,135,1,0.026272,0.026272,0.026272,0.026272
decode_bs16,decode,16,prefill_sample,1,15,128,139,2,0.0284,0.0284,0.033656,0.03424
decode_bs16,decode,16,prefill_sample,1,15,128,140,2,0.020304000000000003,0.020304000000000003,0.021988800000000003,0.022176
decode_bs16,decode,16,prefill_sample,1,15,128,141,1,0.028608,0.028608,0.028608,0.028608
decode_bs16,decode,16,prefill_sample,1,15,128,142,2,0.023424,0.023424,0.026016,0.026304
overlap_p1_d15,overlap,16,decode_engine,0,1,0,526,1,6.998016,6.998016,6.998016,6.998016
overlap_p1_d15,overlap,16,decode_engine,0,2,0,525,1,7.104512,7.104512,7.104512,7.104512
overlap_p1_d15,overlap,16,decode_engine,0,3,0,525,1,7.2192,7.2192,7.2192,7.2192
overlap_p1_d15,overlap,16,decode_engine,0,4,0,524,1,7.3984,7.3984,7.3984,7.3984
overlap_p1_d15,overlap,16,decode_engine,0,5,0,524,1,7.711744,7.711744,7.711744,7.711744
overlap_p1_d15,overlap,16,decode_engine,0,6,0,522,1,8.061952,8.061952,8.061952,8.061952
overlap_p1_d15,overlap,16,decode_engine,0,6,0,523,1,7.990272,7.990272,7.990272,7.990272
overlap_p1_d15,overlap,16,decode_engine,0,7,0,520,1,14.691328,14.691328,14.691328,14.691328
overlap_p1_d15,overlap,16,decode_engine,0,7,0,521,1,14.63296,14.63296,14.63296,14.63296
overlap_p1_d15,overlap,16,decode_engine,0,7,0,522,1,14.623744,14.623744,14.623744,14.623744
overlap_p1_d15,overlap,16,decode_engine,0,8,0,519,1,14.708736,14.708736,14.708736,14.708736
overlap_p1_d15,overlap,16,decode_engine,0,8,0,520,1,14.649344,14.649344,14.649344,14.649344
overlap_p1_d15,overlap,16,decode_engine,0,9,0,517,1,14.732288,14.732288,14.732288,14.732288
overlap_p1_d15,overlap,16,decode_engine,0,9,0,518,1,14.664704,14.664704,14.664704,14.664704
overlap_p1_d15,overlap,16,decode_engine,0,10,0,517,1,14.769152,14.769152,14.769152,14.769152
overlap_p1_d15,overlap,16,decode_engine,1,1,128,512,2,17.179648,17.179648,24.0492544,24.812544
overlap_p1_d15,overlap,16,decode_engine,1,1,128,513,1,9.694208,9.694208,9.694208,9.694208
overlap_p1_d15,overlap,16,decode_engine,1,1,128,514,1,9.501696,9.501696,9.501696,9.501696
overlap_p1_d15,overlap,16,decode_engine,1,1,128,515,1,9.499648,9.499648,9.499648,9.499648
overlap_p1_d15,overlap,16,decode_engine,1,1,128,516,2,9.562624,9.562624,9.643264,9.652224
overlap_p1_d15,overlap,16,decode_engine,1,1,128,517,3,9.591466666666665,9.859072,9.860915199999999,9.86112
overlap_p1_d15,overlap,16,decode_engine,1,1,128,518,3,9.52832,9.585664,9.6934912,9.705472
overlap_p1_d15,overlap,16,decode_engine,1,1,128,519,3,9.499648,9.57952,9.770291199999999,9.791488
overlap_p1_d15,overlap,16,decode_engine,1,1,128,520,2,9.31328,9.31328,9.5787008,9.608192
overlap_p1_d15,overlap,16,decode_engine,1,1,128,521,2,9.469952,9.469952,9.527091200000001,9.53344
overlap_p1_d15,overlap,16,decode_engine,1,1,128,522,2,9.47456,9.47456,9.680537600000001,9.703424
overlap_p1_d15,overlap,16,decode_engine,1,1,128,523,1,9.454592,9.454592,9.454592,9.454592
overlap_p1_d15,overlap,16,decode_engine,1,1,128,524,1,9.693184,9.693184,9.693184,9.693184
overlap_p1_d15,overlap,16,decode_engine,1,1,128,525,1,9.433088,9.433088,9.433088,9.433088
overlap_p1_d15,overlap,16,decode_engine,1,1,128,526,1,9.443328,9.443328,9.443328,9.443328
overlap_p1_d15,overlap,16,decode_engine,1,2,128,512,1,24.268801,24.268801,24.268801,24.268801
overlap_p1_d15,overlap,16,decode_engine,1,2,128,515,1,10.085376,10.085376,10.085376,10.085376
overlap_p1_d15,overlap,16,decode_engine,1,2,128,516,4,9.371904,9.302527999999999,9.59488,9.637888
overlap_p1_d15,overlap,16,decode_engine,1,2,128,517,4,9.548032,9.590784,9.7491456,9.756672
overlap_p1_d15,overlap,16,decode_engine,1,2,128,518,4,9.402624,9.380863999999999,9.5181312,9.541632
overlap_p1_d15,overlap,16,decode_engine,1,2,128,519,5,9.5158272,9.511936,9.8004992,9.838592
overlap_p1_d15,overlap,16,decode_engine,1,2,128,520,4,9.613824000000001,9.661952,9.762508799999999,9.772032
overlap_p1_d15,overlap,16,decode_engine,1,2,128,521,2,9.556992000000001,9.556992000000001,9.81504,9.843712
overlap_p1_d15,overlap,16,decode_engine,1,2,128,522,2,9.394688,9.394688,9.5932928,9.61536
overlap_p1_d15,overlap,16,decode_engine,1,3,128,513,1,24.468479,24.468479,24.468479,24.468479
overlap_p1_d15,overlap,16,decode_engine,1,3,128,515,2,9.53344,9.53344,9.552793600000001,9.554944
overlap_p1_d15,overlap,16,decode_engine,1,3,128,516,2,9.596928,9.596928,9.7554432,9.773056
overlap_p1_d15,overlap,16,decode_engine,1,3,128,517,3,9.690112000000001,9.628672,9.8323456,9.854976
overlap_p1_d15,overlap,16,decode_engine,1,3,128,518,6,9.640106666666666,9.57696,9.933311999999999,9.987072
overlap_p1_d15,overlap,16,decode_engine,1,3,128,519,6,9.498111999999999,9.430015999999998,9.887744,9.99936
overlap_p1_d15,overlap,16,decode_engine,1,3,128,520,2,9.764864,9.764864,9.9381248,9.957376
overlap_p1_d15,overlap,16,decode_engine,1,3,128,521,1,9.540608,9.540608,9.540608,9.540608
overlap_p1_d15,overlap,16,decode_engine,1,3,128,522,2,9.755136,9.755136,10.1131776,10.15296
overlap_p1_d15,overlap,16,decode_engine,1,3,128,523,1,9.837568,9.837568,9.837568,9.837568
overlap_p1_d15,overlap,16,decode_engine,1,4,128,513,1,24.733696,24.733696,24.733696,24.733696
overlap_p1_d15,overlap,16,decode_engine,1,4,128,515,1,9.883648,9.883648,9.883648,9.883648
overlap_p1_d15,overlap,16,decode_engine,1,4,128,516,2,9.874944,9.874944,9.969408,9.979904
overlap_p1_d15,overlap,16,decode_engine,1,4,128,517,2,10.06336,10.06336,10.140313599999999,10.148864
overlap_p1_d15,overlap,16,decode_engine,1,4,128,518,4,9.906176,9.90208,10.001664,10.008576
overlap_p1_d15,overlap,16,decode_engine,1,4,128,519,2,9.996288,9.996288,10.204569600000001,10.227712
overlap_p1_d15,overlap,16,decode_engine,1,4,128,522,1,10.411008,10.411008,10.411008,10.411008
overlap_p1_d15,overlap,16,decode_engine,1,4,128,523,1,10.701824,10.701824,10.701824,10.701824
overlap_p1_d15,overlap,16,decode_engine,1,5,128,514,1,25.033728,25.033728,25.033728,25.033728
overlap_p1_d15,overlap,16,decode_engine,1,5,128,516,1,10.22464,10.22464,10.22464,10.22464
overlap_p1_d15,overlap,16,decode_engine,1,5,128,518,1,10.430464,10.430464,10.430464,10.430464
overlap_p1_d15,overlap,16,decode_engine,1,5,128,521,1,10.617856,10.617856,10.617856,10.617856
overlap_p1_d15,overlap,16,decode_engine,1,5,128,522,2,10.871808000000001,10.871808000000001,10.907750400000001,10.911744
overlap_p1_d15,overlap,16,decode_engine,1,5,128,523,1,10.999808,10.999808,10.999808,10.999808
overlap_p1_d15,overlap,16,decode_engine,1,6,128,514,1,25.357311,25.357311,25.357311,25.357311
overlap_p1_d15,overlap,16,decode_engine,1,6,128,516,2,11.14368,11.14368,11.347814399999999,11.370496
overlap_p1_d15,overlap,16,decode_engine,1,6,128,517,3,11.203584,11.20768,11.359744,11.37664
overlap_p1_d15,overlap,16,decode_engine,1,6,128,518,1,10.569728,10.569728,10.569728,10.569728
overlap_p1_d15,overlap,16,decode_engine,1,6,128,520,1,11.40224,11.40224,11.40224,11.40224
overlap_p1_d15,overlap,16,decode_engine,1,6,128,521,1,11.445248,11.445248,11.445248,11.445248
overlap_p1_d15,overlap,16,decode_engine,1,6,128,522,1,11.346944,11.346944,11.346944,11.346944
overlap_p1_d15,overlap,16,decode_engine,1,7,128,515,1,18.534401,18.534401,18.534401,18.534401
overlap_p1_d15,overlap,16,decode_engine,1,7,128,516,1,18.715649,18.715649,18.715649,18.715649
overlap_p1_d15,overlap,16,decode_engine,1,7,128,517,1,19.416063,19.416063,19.416063,19.416063
overlap_p1_d15,overlap,16,decode_engine,1,7,128,518,1,18.781183,18.781183,18.781183,18.781183
overlap_p1_d15,overlap,16,decode_engine,1,7,128,520,1,19.308544,19.308544,19.308544,19.308544
overlap_p1_d15,overlap,16,decode_engine,1,7,128,522,1,18.838528,18.838528,18.838528,18.838528
overlap_p1_d15,overlap,16,decode_engine,1,8,128,515,1,18.422785,18.422785,18.422785,18.422785
overlap_p1_d15,overlap,16,decode_engine,1,8,128,517,1,18.783232,18.783232,18.783232,18.783232
overlap_p1_d15,overlap,16,decode_engine,1,8,128,518,2,19.0177275,19.0177275,19.33383585,19.368959
overlap_p1_d15,overlap,16,decode_engine,1,8,128,519,1,18.662399,18.662399,18.662399,18.662399
overlap_p1_d15,overlap,16,decode_engine,1,8,128,520,1,19.200001,19.200001,19.200001,19.200001
overlap_p1_d15,overlap,16,decode_engine,1,8,128,521,1,18.295809,18.295809,18.295809,18.295809
overlap_p1_d15,overlap,16,decode_engine,1,8,128,522,1,19.293184,19.293184,19.293184,19.293184
overlap_p1_d15,overlap,16,decode_engine,1,9,128,516,1,18.574335,18.574335,18.574335,18.574335
overlap_p1_d15,overlap,16,decode_engine,1,9,128,517,1,18.458624,18.458624,18.458624,18.458624
overlap_p1_d15,overlap,16,decode_engine,1,9,128,518,2,18.387456,18.387456,18.409113599999998,18.41152
overlap_p1_d15,overlap,16,decode_engine,1,9,128,519,2,18.601472,18.601472,18.8166656,18.840576
overlap_p1_d15,overlap,16,decode_engine,1,9,128,522,1,18.228224,18.228224,18.228224,18.228224
overlap_p1_d15,overlap,16,decode_engine,1,10,128,516,1,18.567167,18.567167,18.567167,18.567167
overlap_p1_d15,overlap,16,decode_engine,1,10,128,521,1,18.970625,18.970625,18.970625,18.970625
overlap_p1_d15,overlap,16,decode_engine,1,11,128,517,1,18.83136,18.83136,18.83136,18.83136
overlap_p1_d15,overlap,16,decode_engine,1,11,128,521,1,18.504704,18.504704,18.504704,18.504704
overlap_p1_d15,overlap,16,decode_engine,1,12,128,517,1,18.870272,18.870272,18.870272,18.870272
overlap_p1_d15,overlap,16,decode_engine,1,12,128,520,1,19.331072,19.331072,19.331072,19.331072
overlap_p1_d15,overlap,16,decode_engine,1,13,128,518,1,18.868223,18.868223,18.868223,18.868223
overlap_p1_d15,overlap,16,decode_engine,1,13,128,520,1,18.413568,18.413568,18.413568,18.413568
overlap_p1_d15,overlap,16,decode_engine,1,14,128,518,1,19.048449,19.048449,19.048449,19.048449
overlap_p1_d15,overlap,16,decode_engine,1,14,128,519,1,18.886656,18.886656,18.886656,18.886656
overlap_p1_d15,overlap,16,decode_engine,1,15,128,519,2,18.7069445,18.7069445,18.91568735,18.938881
overlap_p1_d15,overlap,16,decode_prepare,0,1,0,526,1,0.016384,0.016384,0.016384,0.016384
overlap_p1_d15,overlap,16,decode_prepare,0,2,0,525,1,0.016672,0.016672,0.016672,0.016672
overlap_p1_d15,overlap,16,decode_prepare,0,3,0,525,1,0.016384,0.016384,0.016384,0.016384
overlap_p1_d15,overlap,16,decode_prepare,0,4,0,524,1,0.017568,0.017568,0.017568,0.017568
overlap_p1_d15,overlap,16,decode_prepare,0,5,0,524,1,0.016384,0.016384,0.016384,0.016384
overlap_p1_d15,overlap,16,decode_prepare,0,6,0,522,1,0.01536,0.01536,0.01536,0.01536
overlap_p1_d15,overlap,16,decode_prepare,0,6,0,523,1,0.01664,0.01664,0.01664,0.01664
overlap_p1_d15,overlap,16,decode_prepare,0,7,0,520,1,0.017408,0.017408,0.017408,0.017408
overlap_p1_d15,overlap,16,decode_prepare,0,7,0,521,1,0.016704,0.016704,0.016704,0.016704
overlap_p1_d15,overlap,16,decode_prepare,0,7,0,522,1,0.016384,0.016384,0.016384,0.016384
overlap_p1_d15,overlap,16,decode_prepare,0,8,0,519,1,0.016672,0.016672,0.016672,0.016672
overlap_p1_d15,overlap,16,decode_prepare,0,8,0,520,1,0.01712,0.01712,0.01712,0.01712
overlap_p1_d15,overlap,16,decode_prepare,0,9,0,517,1,0.016384,0.016384,0.016384,0.016384
overlap_p1_d15,overlap,16,decode_prepare,0,9,0,518,1,0.016384,0.016384,0.016384,0.016384
overlap_p1_d15,overlap,16,decode_prepare,0,10,0,517,1,0.017216,0.017216,0.017216,0.017216
overlap_p1_d15,overlap,16,decode_prepare,1,1,128,512,2,0.01536,0.01536,0.0181248,0.018432
overlap_p1_d15,overlap,16,decode_prepare,1,1,128,513,1,0.019456,0.019456,0.019456,0.019456
overlap_p1_d15,overlap,16,decode_prepare,1,1,128,514,1,0.018432,0.018432,0.018432,0.018432
overlap_p1_d15,overlap,16,decode_prepare,1,1,128,515,1,0.018432,0.018432,0.018432,0.018432
overlap_p1_d15,overlap,16,decode_prepare,1,1,128,516,2,0.016384,0.016384,0.0191488,0.019456
overlap_p1_d15,overlap,16,decode_prepare,1,1,128,517,3,0.029013333333333335,0.019456,0.0461824,0.049152
overlap_p1_d15,overlap,16,decode_prepare,1,1,128,518,3,0.018432,0.017408,0.0201728,0.02048
overlap_p1_d15,overlap,16,decode_prepare,1,1,128,519,3,0.018432,0.018432,0.019353600000000002,0.019456
overlap_p1_d15,overlap,16,decode_prepare,1,1,128,520,2,0.01792,0.01792,0.0183808,0.018432
overlap_p1_d15,overlap,16,decode_prepare,1,1,128,521,2,0.019456,0.019456,0.019456,0.019456
overlap_p1_d15,overlap,16,decode_prepare,1,1,128,522,2,0.017408,0.017408,0.017408,0.017408
overlap_p1_d15,overlap,16,decode_prepare,1,1,128,523,1,0.018432,0.018432,0.018432,0.018432
overlap_p1_d15,overlap,16,decode_prepare,1,1,128,524,1,0.019456,0.019456,0.019456,0.019456
overlap_p1_d15,overlap,16,decode_prepare,1,1,128,525,1,0.017408,0.017408,0.017408,0.017408
overlap_p1_d15,overlap,16,decode_prepare,1,1,128,526,1,0.021504,0.021504,0.021504,0.021504
overlap_p1_d15,overlap,16,decode_prepare,1,2,128,512,1,0.017408,0.017408,0.017408,0.017408
overlap_p1_d15,overlap,16,decode_prepare,1,2,128,515,1,0.031744,0.031744,0.031744,0.031744
overlap_p1_d15,overlap,16,decode_prepare,1,2,128,516,4,0.018688,0.01792,0.0219136,0.022528
overlap_p1_d15,overlap,16,decode_prepare,1,2,128,517,4,0.01536,0.016384,0.0181248,0.018432
overlap_p1_d15,overlap,16,decode_prepare,1,2,128,518,4,0.023808,0.018432,0.03845119999999999,0.041984
overlap_p1_d15,overlap,16,decode_prepare,1,2,128,519,5,0.0176128,0.018432,0.018432,0.018432
overlap_p1_d15,overlap,16,decode_prepare,1,2,128,520,4,0.017152,0.017408,0.018432,0.018432
overlap_p1_d15,overlap,16,decode_prepare,1,2,128,521,2,0.018432,0.018432,0.018432,0.018432
overlap_p1_d15,overlap,16,decode_prepare,1,2,128,522,2,0.017408,0.017408,0.017408,0.017408
overlap_p1_d15,overlap,16,decode_prepare,1,3,128,513,1,0.02048,0.02048,0.02048,0.02048
overlap_p1_d15,overlap,16,decode_prepare,1,3,128,515,2,0.015359999999999999,0.015359999999999999,0.0162816,0.016384
overlap_p1_d15,overlap,16,decode_prepare,1,3,128,516,2,0.016896,0.016896,0.0173568,0.017408
overlap_p1_d15,overlap,16,decode_prepare,1,3,128,517,3,0.01672533333333333,0.016384,0.0173056,0.017408
overlap_p1_d15,overlap,16,decode_prepare,1,3,128,518,6,0.015872,0.016384,0.018944000000000003,0.019456
overlap_p1_d15,overlap,16,decode_prepare,1,3,128,519,6,0.017066666666666667,0.016896,0.018176,0.018432
overlap_p1_d15,overlap,16,decode_prepare,1,3,128,520,2,0.017408,0.017408,0.0183296,0.018432
overlap_p1_d15,overlap,16,decode_prepare,1,3,128,521,1,0.017408,0.017408,0.017408,0.017408
overlap_p1_d15,overlap,16,decode_prepare,1,3,128,522,2,0.017408,0.017408,0.017408,0.017408
overlap_p1_d15,overlap,16,decode_prepare,1,3,128,523,1,0.02048,0.02048,0.02048,0.02048
overlap_p1_d15,overlap,16,decode_prepare,1,4,128,513,1,0.018432,0.018432,0.018432,0.018432
overlap_p1_d15,overlap,16,decode_prepare,1,4,128,515,1,0.018432,0.018432,0.018432,0.018432
overlap_p1_d15,overlap,16,decode_prepare,1,4,128,516,2,0.01792,0.01792,0.0183808,0.018432
overlap_p1_d15,overlap,16,decode_prepare,1,4,128,517,2,0.016896,0.016896,0.0173568,0.017408
overlap_p1_d15,overlap,16,decode_prepare,1,4,128,518,4,0.017408,0.01792,0.018432,0.018432
overlap_p1_d15,overlap,16,decode_prepare,1,4,128,519,2,0.016896,0.016896,0.0182784,0.018432
overlap_p1_d15,overlap,16,decode_prepare,1,4,128,522,1,0.017408,0.017408,0.017408,0.017408
overlap_p1_d15,overlap,16,decode_prepare,1,4,128,523,1,0.018432,0.018432,0.018432,0.018432
overlap_p1_d15,overlap,16,decode_prepare,1,5,128,514,1,0.017408,0.017408,0.017408,0.017408
overlap_p1_d15,overlap,16,decode_prepare,1,5,128,516,1,0.009216,0.009216,0.009216,0.009216
overlap_p1_d15,overlap,16,decode_prepare,1,5,128,518,1,0.011264,0.011264,0.011264,0.011264
overlap_p1_d15,overlap,16,decode_prepare,1,5,128,521,1,0.018432,0.018432,0.018432,0.018432
overlap_p1_d15,overlap,16,decode_prepare,1,5,128,522,2,0.017408,0.017408,0.0183296,0.018432
overlap_p1_d15,overlap,16,decode_prepare,1,5,128,523,1,0.017408,0.017408,0.017408,0.017408
overlap_p1_d15,overlap,16,decode_prepare,1,6,128,514,1,0.018432,0.018432,0.018432,0.018432
overlap_p1_d15,overlap,16,decode_prepare,1,6,128,516,2,0.01792,0.01792,0.0183808,0.018432
overlap_p1_d15,overlap,16,decode_prepare,1,6,128,517,3,0.017066666666666667,0.017408,0.017408,0.017408
overlap_p1_d15,overlap,16,decode_prepare,1,6,128,518,1,0.016384,0.016384,0.016384,0.016384
overlap_p1_d15,overlap,16,decode_prepare,1,6,128,520,1,0.017408,0.017408,0.017408,0.017408
overlap_p1_d15,overlap,16,decode_prepare,1,6,128,521,1,0.018432,0.018432,0.018432,0.018432
overlap_p1_d15,overlap,16,decode_prepare,1,6,128,522,1,0.018432,0.018432,0.018432,0.018432
overlap_p1_d15,overlap,16,decode_prepare,1,7,128,515,1,0.013312,0.013312,0.013312,0.013312
overlap_p1_d15,overlap,16,decode_prepare,1,7,128,516,1,0.019456,0.019456,0.019456,0.019456
overlap_p1_d15,overlap,16,decode_prepare,1,7,128,517,1,0.017408,0.017408,0.017408,0.017408
overlap_p1_d15,overlap,16,decode_prepare,1,7,128,518,1,0.018432,0.018432,0.018432,0.018432
overlap_p1_d15,overlap,16,decode_prepare,1,7,128,520,1,0.017408,0.017408,0.017408,0.017408
overlap_p1_d15,overlap,16,decode_prepare,1,7,128,522,1,0.017408,0.017408,0.017408,0.017408
overlap_p1_d15,overlap,16,decode_prepare,1,8,128,515,1,0.017408,0.017408,0.017408,0.017408
overlap_p1_d15,overlap,16,decode_prepare,1,8,128,517,1,0.022528,0.022528,0.022528,0.022528
overlap_p1_d15,overlap,16,decode_prepare,1,8,128,518,2,0.019968,0.019968,0.0204288,0.02048
overlap_p1_d15,overlap,16,decode_prepare,1,8,128,519,1,0.018432,0.018432,0.018432,0.018432
overlap_p1_d15,overlap,16,decode_prepare,1,8,128,520,1,0.018432,0.018432,0.018432,0.018432
overlap_p1_d15,overlap,16,decode_prepare,1,8,128,521,1,0.018432,0.018432,0.018432,0.018432
overlap_p1_d15,overlap,16,decode_prepare,1,8,128,522,1,0.016384,0.016384,0.016384,0.016384
overlap_p1_d15,overlap,16,decode_prepare,1,9,128,516,1,0.018432,0.018432,0.018432,0.018432
overlap_p1_d15,overlap,16,decode_prepare,1,9,128,517,1,0.018432,0.018432,0.018432,0.018432
overlap_p1_d15,overlap,16,decode_prepare,1,9,128,518,2,0.018432,0.018432,0.019353600000000002,0.019456
overlap_p1_d15,overlap,16,decode_prepare,1,9,128,519,2,0.020479999999999998,0.020479999999999998,0.0232448,0.023552
overlap_p1_d15,overlap,16,decode_prepare,1,9,128,522,1,0.018432,0.018432,0.018432,0.018432
overlap_p1_d15,overlap,16,decode_prepare,1,10,128,516,1,0.014336,0.014336,0.014336,0.014336
overlap_p1_d15,overlap,16,decode_prepare,1,10,128,521,1,0.018432,0.018432,0.018432,0.018432
overlap_p1_d15,overlap,16,decode_prepare,1,11,128,517,1,0.014976,0.014976,0.014976,0.014976
overlap_p1_d15,overlap,16,decode_prepare,1,11,128,521,1,0.018432,0.018432,0.018432,0.018432
overlap_p1_d15,overlap,16,decode_prepare,1,12,128,517,1,0.018432,0.018432,0.018432,0.018432
overlap_p1_d15,overlap,16,decode_prepare,1,12,128,520,1,0.019456,0.019456,0.019456,0.019456
overlap_p1_d15,overlap,16,decode_prepare,1,13,128,518,1,0.024576,0.024576,0.024576,0.024576
overlap_p1_d15,overlap,16,decode_prepare,1,13,128,520,1,0.018432,0.018432,0.018432,0.018432
overlap_p1_d15,overlap,16,decode_prepare,1,14,128,518,1,0.018432,0.018432,0.018432,0.018432
overlap_p1_d15,overlap,16,decode_prepare,1,14,128,519,1,0.050176,0.050176,0.050176,0.050176
overlap_p1_d15,overlap,16,decode_prepare,1,15,128,519,2,0.018944000000000003,0.018944000000000003,0.0194048,0.019456
overlap_p1_d15,overlap,16,decode_sample,0,1,0,526,1,0.023968,0.023968,0.023968,0.023968
overlap_p1_d15,overlap,16,decode_sample,0,2,0,525,1,0.022944,0.022944,0.022944,0.022944
overlap_p1_d15,overlap,16,decode_sample,0,3,0,525,1,0.022944,0.022944,0.022944,0.022944
overlap_p1_d15,overlap,16,decode_sample,0,4,0,524,1,0.03216,0.03216,0.03216,0.03216
overlap_p1_d15,overlap,16,decode_sample,0,5,0,524,1,0.038304,0.038304,0.038304,0.038304
overlap_p1_d15,overlap,16,decode_sample,0,6,0,522,1,0.0424,0.0424,0.0424,0.0424
overlap_p1_d15,overlap,16,decode_sample,0,6,0,523,1,0.0424,0.0424,0.0424,0.0424
overlap_p1_d15,overlap,16,decode_sample,0,7,0,520,1,0.043904,0.043904,0.043904,0.043904
overlap_p1_d15,overlap,16,decode_sample,0,7,0,521,1,0.049568,0.049568,0.049568,0.049568
overlap_p1_d15,overlap,16,decode_sample,0,7,0,522,1,0.051616,0.051616,0.051616,0.051616
overlap_p1_d15,overlap,16,decode_sample,0,8,0,519,1,0.051488,0.051488,0.051488,0.051488
overlap_p1_d15,overlap,16,decode_sample,0,8,0,520,1,0.052512,0.052512,0.052512,0.052512
overlap_p1_d15,overlap,16,decode_sample,0,9,0,517,1,0.051808,0.051808,0.051808,0.051808
overlap_p1_d15,overlap,16,decode_sample,0,9,0,518,1,0.05776,0.05776,0.05776,0.05776
overlap_p1_d15,overlap,16,decode_sample,0,10,0,517,1,0.059808,0.059808,0.059808,0.059808
overlap_p1_d15,overlap,16,decode_sample,1,1,128,512,2,0.0232,0.0232,0.0243232,0.024448
overlap_p1_d15,overlap,16,decode_sample,1,1,128,513,1,0.06032,0.06032,0.06032,0.06032
overlap_p1_d15,overlap,16,decode_sample,1,1,128,514,1,0.027488,0.027488,0.027488,0.027488
overlap_p1_d15,overlap,16,decode_sample,1,1,128,515,1,0.022176,0.022176,0.022176,0.022176
overlap_p1_d15,overlap,16,decode_sample,1,1,128,516,2,0.034128,0.034128,0.044395199999999996,0.045536
overlap_p1_d15,overlap,16,decode_sample,1,1,128,517,3,0.023125333333333335,0.02,0.0285536,0.029504
overlap_p1_d15,overlap,16,decode_sample,1,1,128,518,3,0.03163733333333334,0.02704,0.04311039999999999,0.044896
overlap_p1_d15,overlap,16,decode_sample,1,1,128,519,3,0.02528,0.02544,0.030940799999999997,0.031552
overlap_p1_d15,overlap,16,decode_sample,1,1,128,520,2,0.0296,0.0296,0.0392768,0.040352
overlap_p1_d15,overlap,16,decode_sample,1,1,128,521,2,0.039936,0.039936,0.0589152,0.061024
overlap_p1_d15,overlap,16,decode_sample,1,1,128,522,2,0.029471999999999998,0.029471999999999998,0.0318912,0.03216
overlap_p1_d15,overlap,16,decode_sample,1,1,128,523,1,0.022976,0.022976,0.022976,0.022976
overlap_p1_d15,overlap,16,decode_sample,1,1,128,524,1,0.025504,0.025504,0.025504,0.025504
overlap_p1_d15,overlap,16,decode_sample,1,1,128,525,1,0.023968,0.023968,0.023968,0.023968
overlap_p1_d15,overlap,16,decode_sample,1,1,128,526,1,0.021344,0.021344,0.021344,0.021344
overlap_p1_d15,overlap,16,decode_sample,1,2,128,512,1,0.020256,0.020256,0.020256,0.020256
overlap_p1_d15,overlap,16,decode_sample,1,2,128,515,1,0.027424,0.027424,0.027424,0.027424
overlap_p1_d15,overlap,16,decode_sample,1,2,128,516,4,0.031032,0.025696,0.04624639999999999,0.049568
overlap_p1_d15,overlap,16,decode_sample,1,2,128,517,4,0.032848,0.027232,0.04959039999999999,0.05296
overlap_p1_d15,overlap,16,decode_sample,1,2,128,518,4,0.029696,0.025072,0.045579199999999986,0.049184
overlap_p1_d15,overlap,16,decode_sample,1,2,128,519,5,0.037184,0.025152,0.057465600000000006,0.057792
overlap_p1_d15,overlap,16,decode_sample,1,2,128,520,4,0.026,0.025279999999999997,0.029656,0.030112
overlap_p1_d15,overlap,16,decode_sample,1,2,128,521,2,0.064608,0.064608,0.09473279999999999,0.09808
overlap_p1_d15,overlap,16,decode_sample,1,2,128,522,2,0.02976,0.02976,0.0310272,0.031168
overlap_p1_d15,overlap,16,decode_sample,1,3,128,513,1,0.0264,0.0264,0.0264,0.0264
overlap_p1_d15,overlap,16,decode_sample,1,3,128,515,2,0.032336000000000004,0.032336000000000004,0.033416,0.033536
overlap_p1_d15,overlap,16,decode_sample,1,3,128,516,2,0.032544,0.032544,0.032544,0.032544
overlap_p1_d15,overlap,16,decode_sample,1,3,128,517,3,0.029568,0.030112,0.031408,0.031552
overlap_p1_d15,overlap,16,decode_sample,1,3,128,518,6,0.038112,0.033728,0.05628,0.062272
overlap_p1_d15,overlap,16,decode_sample,1,3,128,519,6,0.038239999999999996,0.0344,0.055696,0.060864
overlap_p1_d15,overlap,16,decode_sample,1,3,128,520,2,0.035312,0.035312,0.039070400000000005,0.039488
overlap_p1_d15,overlap,16,decode_sample,1,3,128,521,1,0.034976,0.034976,0.034976,0.034976
overlap_p1_d15,overlap,16,decode_sample,1,3,128,522,2,0.042784,0.042784,0.0452032,0.045472
overlap_p1_d15,overlap,16,decode_sample,1,3,128,523,1,0.034272,0.034272,0.034272,0.034272
overlap_p1_d15,overlap,16,decode_sample,1,4,128,513,1,0.03152,0.03152,0.03152,0.03152
overlap_p1_d15,overlap,16,decode_sample,1,4,128,515,1,0.03872,0.03872,0.03872,0.03872
overlap_p1_d15,overlap,16,decode_sample,1,4,128,516,2,0.040048,0.040048,0.042510400000000004,0.042784
overlap_p1_d15,overlap,16,decode_sample,1,4,128,517,2,0.07368,0.07368,0.10819680000000001,0.112032
overlap_p1_d15,overlap,16,decode_sample,1,4,128,518,4,0.049888,0.043616,0.0712752,0.075648
overlap_p1_d15,overlap,16,decode_sample,1,4,128,519,2,0.039584,0.039584,0.0406784,0.0408
overlap_p1_d15,overlap,16,decode_sample,1,4,128,522,1,0.033792,0.033792,0.033792,0.033792
overlap_p1_d15,overlap,16,decode_sample,1,4,128,523,1,0.046496,0.046496,0.046496,0.046496
overlap_p1_d15,overlap,16,decode_sample,1,5,128,514,1,0.039712,0.039712,0.039712,0.039712
overlap_p1_d15,overlap,16,decode_sample,1,5,128,516,1,0.041152,0.041152,0.041152,0.041152
overlap_p1_d15,overlap,16,decode_sample,1,5,128,518,1,0.040832,0.040832,0.040832,0.040832
overlap_p1_d15,overlap,16,decode_sample,1,5,128,521,1,0.066368,0.066368,0.066368,0.066368
overlap_p1_d15,overlap,16,decode_sample,1,5,128,522,2,0.04696,0.04696,0.0492208,0.049472
overlap_p1_d15,overlap,16,decode_sample,1,5,128,523,1,0.04288,0.04288,0.04288,0.04288
overlap_p1_d15,overlap,16,decode_sample,1,6,128,514,1,0.03968,0.03968,0.03968,0.03968
overlap_p1_d15,overlap,16,decode_sample,1,6,128,516,2,0.054064,0.054064,0.0586864,0.0592
overlap_p1_d15,overlap,16,decode_sample,1,6,128,517,3,0.05738666666666667,0.048928,0.0738688,0.07664
overlap_p1_d15,overlap,16,decode_sample,1,6,128,518,1,0.056736,0.056736,0.056736,0.056736
overlap_p1_d15,overlap,16,decode_sample,1,6,128,520,1,0.05104,0.05104,0.05104,0.05104
overlap_p1_d15,overlap,16,decode_sample,1,6,128,521,1,0.064352,0.064352,0.064352,0.064352
overlap_p1_d15,overlap,16,decode_sample,1,6,128,522,1,0.052832,0.052832,0.052832,0.052832
overlap_p1_d15,overlap,16,decode_sample,1,7,128,515,1,0.056096,0.056096,0.056096,0.056096
overlap_p1_d15,overlap,16,decode_sample,1,7,128,516,1,0.060224,0.060224,0.060224,0.060224
overlap_p1_d15,overlap,16,decode_sample,1,7,128,517,1,0.048576,0.048576,0.048576,0.048576
overlap_p1_d15,overlap,16,decode_sample,1,7,128,518,1,0.062464,0.062464,0.062464,0.062464
overlap_p1_d15,overlap,16,decode_sample,1,7,128,520,1,0.04752,0.04752,0.04752,0.04752
overlap_p1_d15,overlap,16,decode_sample,1,7,128,522,1,0.048544,0.048544,0.048544,0.048544
overlap_p1_d15,overlap,16,decode_sample,1,8,128,515,1,0.063136,0.063136,0.063136,0.063136
overlap_p1_d15,overlap,16,decode_sample,1,8,128,517,1,0.059232,0.059232,0.059232,0.059232
overlap_p1_d15,overlap,16,decode_sample,1,8,128,518,2,0.056768,0.056768,0.0593312,0.059616
overlap_p1_d15,overlap,16,decode_sample,1,8,128,519,1,0.06224,0.06224,0.06224,0.06224
overlap_p1_d15,overlap,16,decode_sample,1,8,128,520,1,0.051488,0.051488,0.051488,0.051488
overlap_p1_d15,overlap,16,decode_sample,1,8,128,521,1,0.055584,0.055584,0.055584,0.055584
overlap_p1_d15,overlap,16,decode_sample,1,8,128,522,1,0.052896,0.052896,0.052896,0.052896
overlap_p1_d15,overlap,16,decode_sample,1,9,128,516,1,0.063616,0.063616,0.063616,0.063616
overlap_p1_d15,overlap,16,decode_sample,1,9,128,517,1,0.1136,0.1136,0.1136,0.1136
overlap_p1_d15,overlap,16,decode_sample,1,9,128,518,2,0.056736,0.056736,0.0595008,0.059808
overlap_p1_d15,overlap,16,decode_sample,1,9,128,519,2,0.052928,0.052928,0.053936,0.054048
overlap_p1_d15,overlap,16,decode_sample,1,9,128,522,1,0.05264,0.05264,0.05264,0.05264
overlap_p1_d15,overlap,16,decode_sample,1,10,128,516,1,0.074048,0.074048,0.074048,0.074048
overlap_p1_d15,overlap,16,decode_sample,1,10,128,521,1,0.058784,0.058784,0.058784,0.058784
overlap_p1_d15,overlap,16,decode_sample,1,11,128,517,1,0.067136,0.067136,0.067136,0.067136
overlap_p1_d15,overlap,16,decode_sample,1,11,128,521,1,0.061856,0.061856,0.061856,0.061856
overlap_p1_d15,overlap,16,decode_sample,1,12,128,517,1,0.074944,0.074944,0.074944,0.074944
overlap_p1_d15,overlap,16,decode_sample,1,12,128,520,1,0.067008,0.067008,0.067008,0.067008
overlap_p1_d15,overlap,16,decode_sample,1,13,128,518,1,0.114624,0.114624,0.114624,0.114624
overlap_p1_d15,overlap,16,decode_sample,1,13,128,520,1,0.072096,0.072096,0.072096,0.072096
overlap_p1_d15,overlap,16,decode_sample,1,14,128,518,1,0.088896,0.088896,0.088896,0.088896
overlap_p1_d15,overlap,16,decode_sample,1,14,128,519,1,0.079264,0.079264,0.079264,0.079264
overlap_p1_d15,overlap,16,decode_sample,1,15,128,519,2,0.090144,0.090144,0.0968832,0.097632
overlap_p1_d15,overlap,16,prefill_cache_commit,1,0,128,0,49,0.0036329795918367347,0.003072,0.004096,0.01536
overlap_p1_d15,overlap,16,prefill_cache_commit,1,1,128,512,2,0.004096000000000001,0.004096000000000001,0.0050176000000000005,0.00512
overlap_p1_d15,overlap,16,prefill_cache_commit,1,1,128,513,1,0.003072,0.003072,0.003072,0.003072
overlap_p1_d15,overlap,16,prefill_cache_commit,1,1,128,514,1,0.003072,0.003072,0.003072,0.003072
overlap_p1_d15,overlap,16,prefill_cache_commit,1,1,128,515,1,0.003072,0.003072,0.003072,0.003072
overlap_p1_d15,overlap,16,prefill_cache_commit,1,1,128,516,2,0.003072,0.003072,0.003072,0.003072
overlap_p1_d15,overlap,16,prefill_cache_commit,1,1,128,517,3,0.0034133333333333333,0.003072,0.0039936,0.004096
overlap_p1_d15,overlap,16,prefill_cache_commit,1,1,128,518,3,0.004096,0.004096,0.004096,0.004096
overlap_p1_d15,overlap,16,prefill_cache_commit,1,1,128,519,3,0.0034133333333333333,0.003072,0.0039936,0.004096
overlap_p1_d15,overlap,16,prefill_cache_commit,1,1,128,520,2,0.003072,0.003072,0.003072,0.003072
overlap_p1_d15,overlap,16,prefill_cache_commit,1,1,128,521,2,0.004096,0.004096,0.004096,0.004096
overlap_p1_d15,overlap,16,prefill_cache_commit,1,1,128,522,2,0.003584,0.003584,0.0040447999999999994,0.004096
overlap_p1_d15,overlap,16,prefill_cache_commit,1,1,128,523,1,0.003072,0.003072,0.003072,0.003072
overlap_p1_d15,overlap,16,prefill_cache_commit,1,1,128,524,1,0.003072,0.003072,0.003072,0.003072
overlap_p1_d15,overlap,16,prefill_cache_commit,1,1,128,525,1,0.003072,0.003072,0.003072,0.003072
overlap_p1_d15,overlap,16,prefill_cache_commit,1,1,128,526,1,0.004096,0.004096,0.004096,0.004096
overlap_p1_d15,overlap,16,prefill_cache_commit,1,2,128,512,1,0.004096,0.004096,0.004096,0.004096
overlap_p1_d15,overlap,16,prefill_cache_commit,1,2,128,515,1,0.003072,0.003072,0.003072,0.003072
overlap_p1_d15,overlap,16,prefill_cache_commit,1,2,128,516,4,0.003072,0.003072,0.003072,0.003072
overlap_p1_d15,overlap,16,prefill_cache_commit,1,2,128,517,4,0.003072,0.003072,0.003072,0.003072
overlap_p1_d15,overlap,16,prefill_cache_commit,1,2,128,518,4,0.0033280000000000002,0.003072,0.0039423999999999996,0.004096
overlap_p1_d15,overlap,16,prefill_cache_commit,1,2,128,519,5,0.0032768,0.003072,0.0038911999999999996,0.004096
overlap_p1_d15,overlap,16,prefill_cache_commit,1,2,128,520,4,0.003088,0.003072,0.0031264,0.003136
overlap_p1_d15,overlap,16,prefill_cache_commit,1,2,128,521,2,0.003584,0.003584,0.0040447999999999994,0.004096
overlap_p1_d15,overlap,16,prefill_cache_commit,1,2,128,522,2,0.003072,0.003072,0.003072,0.003072
overlap_p1_d15,overlap,16,prefill_cache_commit,1,3,128,513,1,0.004096,0.004096,0.004096,0.004096
overlap_p1_d15,overlap,16,prefill_cache_commit,1,3,128,515,2,0.003072,0.003072,0.003072,0.003072
overlap_p1_d15,overlap,16,prefill_cache_commit,1,3,128,516,2,0.003072,0.003072,0.003072,0.003072
overlap_p1_d15,overlap,16,prefill_cache_commit,1,3,128,517,3,0.003072,0.003072,0.003072,0.003072
overlap_p1_d15,overlap,16,prefill_cache_commit,1,3,128,518,6,0.0032586666666666667,0.003072,0.003864,0.004096
overlap_p1_d15,overlap,16,prefill_cache_commit,1,3,128,519,6,0.0032426666666666667,0.003072,0.0038399999999999997,0.004096
overlap_p1_d15,overlap,16,prefill_cache_commit,1,3,128,520,2,0.003072,0.003072,0.003072,0.003072
overlap_p1_d15,overlap,16,prefill_cache_commit,1,3,128,521,1,0.004096,0.004096,0.004096,0.004096
overlap_p1_d15,overlap,16,prefill_cache_commit,1,3,128,522,2,0.003584,0.003584,0.0040447999999999994,0.004096
overlap_p1_d15,overlap,16,prefill_cache_commit,1,3,128,523,1,0.003072,0.003072,0.003072,0.003072
overlap_p1_d15,overlap,16,prefill_cache_commit,1,4,128,513,1,0.00512,0.00512,0.00512,0.00512
overlap_p1_d15,overlap,16,prefill_cache_commit,1,4,128,515,1,0.004096,0.004096,0.004096,0.004096
overlap_p1_d15,overlap,16,prefill_cache_commit,1,4,128,516,2,0.003072,0.003072,0.003072,0.003072
overlap_p1_d15,overlap,16,prefill_cache_commit,1,4,128,517,2,0.003584,0.003584,0.0040447999999999994,0.004096
overlap_p1_d15,overlap,16,prefill_cache_commit,1,4,128,518,4,0.003072,0.003072,0.003072,0.003072
overlap_p1_d15,overlap,16,prefill_cache_commit,1,4,128,519,2,0.003584,0.003584,0.0040447999999999994,0.004096
overlap_p1_d15,overlap,16,prefill_cache_commit,1,4,128,522,1,0.004096,0.004096,0.004096,0.004096
overlap_p1_d15,overlap,16,prefill_cache_commit,1,4,128,523,1,0.004096,0.004096,0.004096,0.004096
overlap_p1_d15,overlap,16,prefill_cache_commit,1,5,128,514,1,0.00512,0.00512,0.00512,0.00512
overlap_p1_d15,overlap,16,prefill_cache_commit,1,5,128,516,1,0.003072,0.003072,0.003072,0.003072
overlap_p1_d15,overlap,16,prefill_cache_commit,1,5,128,518,1,0.003072,0.003072,0.003072,0.003072
overlap_p1_d15,overlap,16,prefill_cache_commit,1,5,128,521,1,0.003072,0.003072,0.003072,0.003072
overlap_p1_d15,overlap,16,prefill_cache_commit,1,5,128,522,2,0.003072,0.003072,0.003072,0.003072
overlap_p1_d15,overlap,16,prefill_cache_commit,1,5,128,523,1,0.003072,0.003072,0.003072,0.003072
overlap_p1_d15,overlap,16,prefill_cache_commit,1,6,128,514,1,0.004096,0.004096,0.004096,0.004096
overlap_p1_d15,overlap,16,prefill_cache_commit,1,6,128,516,2,0.003072,0.003072,0.003072,0.003072
overlap_p1_d15,overlap,16,prefill_cache_commit,1,6,128,517,3,0.0037546666666666666,0.004096,0.004096,0.004096
overlap_p1_d15,overlap,16,prefill_cache_commit,1,6,128,518,1,0.004096,0.004096,0.004096,0.004096
overlap_p1_d15,overlap,16,prefill_cache_commit,1,6,128,520,1,0.004096,0.004096,0.004096,0.004096
overlap_p1_d15,overlap,16,prefill_cache_commit,1,6,128,521,1,0.004096,0.004096,0.004096,0.004096
overlap_p1_d15,overlap,16,prefill_cache_commit,1,6,128,522,1,0.003072,0.003072,0.003072,0.003072
overlap_p1_d15,overlap,16,prefill_cache_commit,1,7,128,515,1,0.003072,0.003072,0.003072,0.003072
overlap_p1_d15,overlap,16,prefill_cache_commit,1,7,128,516,1,0.003552,0.003552,0.003552,0.003552
overlap_p1_d15,overlap,16,prefill_cache_commit,1,7,128,517,1,0.003072,0.003072,0.003072,0.003072
overlap_p1_d15,overlap,16,prefill_cache_commit,1,7,128,518,1,0.004096,0.004096,0.004096,0.004096
overlap_p1_d15,overlap,16,prefill_cache_commit,1,7,128,520,1,0.004096,0.004096,0.004096,0.004096
overlap_p1_d15,overlap,16,prefill_cache_commit,1,7,128,522,1,0.003072,0.003072,0.003072,0.003072
overlap_p1_d15,overlap,16,prefill_cache_commit,1,8,128,515,1,0.003072,0.003072,0.003072,0.003072
overlap_p1_d15,overlap,16,prefill_cache_commit,1,8,128,517,1,0.004096,0.004096,0.004096,0.004096
overlap_p1_d15,overlap,16,prefill_cache_commit,1,8,128,518,2,0.004096,0.004096,0.004096,0.004096
overlap_p1_d15,overlap,16,prefill_cache_commit,1,8,128,519,1,0.004096,0.004096,0.004096,0.004096
overlap_p1_d15,overlap,16,prefill_cache_commit,1,8,128,520,1,0.004096,0.004096,0.004096,0.004096
overlap_p1_d15,overlap,16,prefill_cache_commit,1,8,128,521,1,0.004096,0.004096,0.004096,0.004096
overlap_p1_d15,overlap,16,prefill_cache_commit,1,8,128,522,1,0.004096,0.004096,0.004096,0.004096
overlap_p1_d15,overlap,16,prefill_cache_commit,1,9,128,516,1,0.003072,0.003072,0.003072,0.003072
overlap_p1_d15,overlap,16,prefill_cache_commit,1,9,128,517,1,0.003072,0.003072,0.003072,0.003072
overlap_p1_d15,overlap,16,prefill_cache_commit,1,9,128,518,2,0.003584,0.003584,0.0040447999999999994,0.004096
overlap_p1_d15,overlap,16,prefill_cache_commit,1,9,128,519,2,0.003584,0.003584,0.0040447999999999994,0.004096
overlap_p1_d15,overlap,16,prefill_cache_commit,1,9,128,522,1,0.003072,0.003072,0.003072,0.003072
overlap_p1_d15,overlap,16,prefill_cache_commit,1,10,128,516,1,0.003072,0.003072,0.003072,0.003072
overlap_p1_d15,overlap,16,prefill_cache_commit,1,10,128,521,1,0.003072,0.003072,0.003072,0.003072
overlap_p1_d15,overlap,16,prefill_cache_commit,1,11,128,517,1,0.003072,0.003072,0.003072,0.003072
overlap_p1_d15,overlap,16,prefill_cache_commit,1,11,128,521,1,0.003072,0.003072,0.003072,0.003072
overlap_p1_d15,overlap,16,prefill_cache_commit,1,12,128,517,1,0.004096,0.004096,0.004096,0.004096
overlap_p1_d15,overlap,16,prefill_cache_commit,1,12,128,520,1,0.003072,0.003072,0.003072,0.003072
overlap_p1_d15,overlap,16,prefill_cache_commit,1,13,128,518,1,0.003072,0.003072,0.003072,0.003072
overlap_p1_d15,overlap,16,prefill_cache_commit,1,13,128,520,1,0.004096,0.004096,0.004096,0.004096
overlap_p1_d15,overlap,16,prefill_cache_commit,1,14,128,518,1,0.003072,0.003072,0.003072,0.003072
overlap_p1_d15,overlap,16,prefill_cache_commit,1,14,128,519,1,0.004096,0.004096,0.004096,0.004096
overlap_p1_d15,overlap,16,prefill_cache_commit,1,15,128,519,2,0.003072,0.003072,0.003072,0.003072
overlap_p1_d15,overlap,16,prefill_engine,1,0,128,0,49,19.95460963265306,20.146175,21.496807399999998,22.850559
overlap_p1_d15,overlap,16,prefill_engine,1,1,128,512,2,21.769728,21.769728,22.787635199999997,22.900736
overlap_p1_d15,overlap,16,prefill_engine,1,1,128,513,1,22.633472,22.633472,22.633472,22.633472
overlap_p1_d15,overlap,16,prefill_engine,1,1,128,514,1,20.637695,20.637695,20.637695,20.637695
overlap_p1_d15,overlap,16,prefill_engine,1,1,128,515,1,23.954432,23.954432,23.954432,23.954432
overlap_p1_d15,overlap,16,prefill_engine,1,1,128,516,2,21.518848499999997,21.518848499999997,22.59297285,22.71232
overlap_p1_d15,overlap,16,prefill_engine,1,1,128,517,3,22.25363133333333,22.589439,23.731475099999997,23.858368
overlap_p1_d15,overlap,16,prefill_engine,1,1,128,518,3,22.825642333333334,22.359039,25.286963099999998,25.612288
overlap_p1_d15,overlap,16,prefill_engine,1,1,128,519,3,22.728703666666668,22.534143,25.063935899999997,25.345024
overlap_p1_d15,overlap,16,prefill_engine,1,1,128,520,2,23.4752005,23.4752005,24.147047349999998,24.221697
overlap_p1_d15,overlap,16,prefill_engine,1,1,128,521,2,21.604352,21.604352,22.596914299999998,22.707199
overlap_p1_d15,overlap,16,prefill_engine,1,1,128,522,2,24.621056,24.621056,25.3279232,25.406464
overlap_p1_d15,overlap,16,prefill_engine,1,1,128,523,1,20.364288,20.364288,20.364288,20.364288
overlap_p1_d15,overlap,16,prefill_engine,1,1,128,524,1,22.680576,22.680576,22.680576,22.680576
overlap_p1_d15,overlap,16,prefill_engine,1,1,128,525,1,20.399103,20.399103,20.399103,20.399103
overlap_p1_d15,overlap,16,prefill_engine,1,1,128,526,1,25.239552,25.239552,25.239552,25.239552
overlap_p1_d15,overlap,16,prefill_engine,1,2,128,512,1,23.018496,23.018496,23.018496,23.018496
overlap_p1_d15,overlap,16,prefill_engine,1,2,128,515,1,22.833599,22.833599,22.833599,22.833599
overlap_p1_d15,overlap,16,prefill_engine,1,2,128,516,4,23.06534425,23.2412165,25.1752441,25.364479
overlap_p1_d15,overlap,16,prefill_engine,1,2,128,517,4,22.36492775,22.596608500000002,23.7086713,23.889919
overlap_p1_d15,overlap,16,prefill_engine,1,2,128,518,4,23.2524805,23.2837125,23.98121045,23.999489
overlap_p1_d15,overlap,16,prefill_engine,1,2,128,519,5,22.5732608,22.633472,25.0474496,25.314304
overlap_p1_d15,overlap,16,prefill_engine,1,2,128,520,4,22.335744,21.732352499999998,25.08800015,25.48736
overlap_p1_d15,overlap,16,prefill_engine,1,2,128,521,2,23.429631,23.429631,24.0798198,24.152063
overlap_p1_d15,overlap,16,prefill_engine,1,2,128,522,2,22.85312,22.85312,25.0746368,25.321472
overlap_p1_d15,overlap,16,prefill_engine,1,3,128,513,1,22.925312,22.925312,22.925312,22.925312
overlap_p1_d15,overlap,16,prefill_engine,1,3,128,515,2,23.2995845,23.2995845,23.99308895,24.070145
overlap_p1_d15,overlap,16,prefill_engine,1,3,128,516,2,23.4388475,23.4388475,23.95448315,24.011776
overlap_p1_d15,overlap,16,prefill_engine,1,3,128,517,3,22.020437,22.632448,22.643506300000002,22.644735
overlap_p1_d15,overlap,16,prefill_engine,1,3,128,518,6,24.060666666666666,24.0414715,25.186816,25.52832
overlap_p1_d15,overlap,16,prefill_engine,1,3,128,519,6,24.1447255,24.744449,25.469184,25.473024
overlap_p1_d15,overlap,16,prefill_engine,1,3,128,520,2,23.385088,23.385088,23.9260672,23.986176
overlap_p1_d15,overlap,16,prefill_engine,1,3,128,521,1,23.998465,23.998465,23.998465,23.998465
overlap_p1_d15,overlap,16,prefill_engine,1,3,128,522,2,24.070144,24.070144,25.3308928,25.470976
overlap_p1_d15,overlap,16,prefill_engine,1,3,128,523,1,25.181185,25.181185,25.181185,25.181185
overlap_p1_d15,overlap,16,prefill_engine,1,4,128,513,1,22.937599,22.937599,22.937599,22.937599
overlap_p1_d15,overlap,16,prefill_engine,1,4,128,515,1,23.996416,23.996416,23.996416,23.996416
overlap_p1_d15,overlap,16,prefill_engine,1,4,128,516,2,24.760831500000002,24.760831500000002,25.37692065,25.445375
overlap_p1_d15,overlap,16,prefill_engine,1,4,128,517,2,24.039935,24.039935,24.0754166,24.079359
overlap_p1_d15,overlap,16,prefill_engine,1,4,128,518,4,24.78233575,24.7869435,25.4963712,25.519104
overlap_p1_d15,overlap,16,prefill_engine,1,4,128,519,2,24.753664,24.753664,25.4038519,25.476095
overlap_p1_d15,overlap,16,prefill_engine,1,4,128,522,1,20.49024,20.49024,20.49024,20.49024
overlap_p1_d15,overlap,16,prefill_engine,1,4,128,523,1,20.640768,20.640768,20.640768,20.640768
overlap_p1_d15,overlap,16,prefill_engine,1,5,128,514,1,22.922239,22.922239,22.922239,22.922239
overlap_p1_d15,overlap,16,prefill_engine,1,5,128,516,1,25.890816,25.890816,25.890816,25.890816
overlap_p1_d15,overlap,16,prefill_engine,1,5,128,518,1,25.554943,25.554943,25.554943,25.554943
overlap_p1_d15,overlap,16,prefill_engine,1,5,128,521,1,24.163328,24.163328,24.163328,24.163328
overlap_p1_d15,overlap,16,prefill_engine,1,5,128,522,2,22.6140155,22.6140155,24.21944225,24.397823
overlap_p1_d15,overlap,16,prefill_engine,1,5,128,523,1,22.794241,22.794241,22.794241,22.794241
overlap_p1_d15,overlap,16,prefill_engine,1,6,128,514,1,23.074816,23.074816,23.074816,23.074816
overlap_p1_d15,overlap,16,prefill_engine,1,6,128,516,2,23.492607999999997,23.492607999999997,25.5901705,25.823233
overlap_p1_d15,overlap,16,prefill_engine,1,6,128,517,3,24.950785,25.673729,25.7363978,25.743361
overlap_p1_d15,overlap,16,prefill_engine,1,6,128,518,1,25.817087,25.817087,25.817087,25.817087
overlap_p1_d15,overlap,16,prefill_engine,1,6,128,520,1,20.9664,20.9664,20.9664,20.9664
overlap_p1_d15,overlap,16,prefill_engine,1,6,128,521,1,23.162209,23.162209,23.162209,23.162209
overlap_p1_d15,overlap,16,prefill_engine,1,6,128,522,1,20.899839,20.899839,20.899839,20.899839
overlap_p1_d15,overlap,16,prefill_engine,1,7,128,515,1,25.563135,25.563135,25.563135,25.563135
overlap_p1_d15,overlap,16,prefill_engine,1,7,128,516,1,25.418753,25.418753,25.418753,25.418753
overlap_p1_d15,overlap,16,prefill_engine,1,7,128,517,1,22.883327,22.883327,22.883327,22.883327
overlap_p1_d15,overlap,16,prefill_engine,1,7,128,518,1,25.561089,25.561089,25.561089,25.561089
overlap_p1_d15,overlap,16,prefill_engine,1,7,128,520,1,21.574656,21.574656,21.574656,21.574656
overlap_p1_d15,overlap,16,prefill_engine,1,7,128,522,1,21.041151,21.041151,21.041151,21.041151
overlap_p1_d15,overlap,16,prefill_engine,1,8,128,515,1,25.276417,25.276417,25.276417,25.276417
overlap_p1_d15,overlap,16,prefill_engine,1,8,128,517,1,25.46176,25.46176,25.46176,25.46176
overlap_p1_d15,overlap,16,prefill_engine,1,8,128,518,2,24.835584,24.835584,25.4203392,25.485312
overlap_p1_d15,overlap,16,prefill_engine,1,8,128,519,1,25.506817,25.506817,25.506817,25.506817
overlap_p1_d15,overlap,16,prefill_engine,1,8,128,520,1,22.780928,22.780928,22.780928,22.780928
overlap_p1_d15,overlap,16,prefill_engine,1,8,128,521,1,19.062784,19.062784,19.062784,19.062784
overlap_p1_d15,overlap,16,prefill_engine,1,8,128,522,1,24.118273,24.118273,24.118273,24.118273
overlap_p1_d15,overlap,16,prefill_engine,1,9,128,516,1,25.365503,25.365503,25.365503,25.365503
overlap_p1_d15,overlap,16,prefill_engine,1,9,128,517,1,25.675776,25.675776,25.675776,25.675776
overlap_p1_d15,overlap,16,prefill_engine,1,9,128,518,2,18.774016500000002,18.774016500000002,18.83392005,18.840576
overlap_p1_d15,overlap,16,prefill_engine,1,9,128,519,2,19.958784,19.958784,21.0177033,21.135361
overlap_p1_d15,overlap,16,prefill_engine,1,9,128,522,1,18.712576,18.712576,18.712576,18.712576
overlap_p1_d15,overlap,16,prefill_engine,1,10,128,516,1,25.463808,25.463808,25.463808,25.463808
overlap_p1_d15,overlap,16,prefill_engine,1,10,128,521,1,21.214209,21.214209,21.214209,21.214209
overlap_p1_d15,overlap,16,prefill_engine,1,11,128,517,1,25.539583,25.539583,25.539583,25.539583
overlap_p1_d15,overlap,16,prefill_engine,1,11,128,521,1,18.750463,18.750463,18.750463,18.750463
overlap_p1_d15,overlap,16,prefill_engine,1,12,128,517,1,25.683968,25.683968,25.683968,25.683968
overlap_p1_d15,overlap,16,prefill_engine,1,12,128,520,1,22.837248,22.837248,22.837248,22.837248
overlap_p1_d15,overlap,16,prefill_engine,1,13,128,518,1,25.506817,25.506817,25.506817,25.506817
overlap_p1_d15,overlap,16,prefill_engine,1,13,128,520,1,19.105791,19.105791,19.105791,19.105791
overlap_p1_d15,overlap,16,prefill_engine,1,14,128,518,1,26.028032,26.028032,26.028032,26.028032
overlap_p1_d15,overlap,16,prefill_engine,1,14,128,519,1,21.319679,21.319679,21.319679,21.319679
overlap_p1_d15,overlap,16,prefill_engine,1,15,128,519,2,22.370815999999998,22.370815999999998,25.526835199999997,25.877504
overlap_p1_d15,overlap,16,prefill_prepare,1,0,128,0,49,0.028485877551020406,0.026624,0.03072,0.077568
overlap_p1_d15,overlap,16,prefill_prepare,1,1,128,512,2,0.027776,0.027776,0.028294399999999997,0.028352
overlap_p1_d15,overlap,16,prefill_prepare,1,1,128,513,1,0.028672,0.028672,0.028672,0.028672
overlap_p1_d15,overlap,16,prefill_prepare,1,1,128,514,1,0.028672,0.028672,0.028672,0.028672
overlap_p1_d15,overlap,16,prefill_prepare,1,1,128,515,1,0.028672,0.028672,0.028672,0.028672
overlap_p1_d15,overlap,16,prefill_prepare,1,1,128,516,2,0.027616,0.027616,0.0276448,0.027648
overlap_p1_d15,overlap,16,prefill_prepare,1,1,128,517,3,0.027776,0.027648,0.0281376,0.028192
overlap_p1_d15,overlap,16,prefill_prepare,1,1,128,518,3,0.029546666666666666,0.030272,0.0306752,0.03072
overlap_p1_d15,overlap,16,prefill_prepare,1,1,128,519,3,0.027903999999999998,0.027648,0.0284544,0.028544
overlap_p1_d15,overlap,16,prefill_prepare,1,1,128,520,2,0.028111999999999998,0.028111999999999998,0.028529600000000002,0.028576
overlap_p1_d15,overlap,16,prefill_prepare,1,1,128,521,2,0.027535999999999998,0.027535999999999998,0.0276368,0.027648
overlap_p1_d15,overlap,16,prefill_prepare,1,1,128,522,2,0.027136,0.027136,0.027596799999999998,0.027648
overlap_p1_d15,overlap,16,prefill_prepare,1,1,128,523,1,0.027488,0.027488,0.027488,0.027488
overlap_p1_d15,overlap,16,prefill_prepare,1,1,128,524,1,0.02736,0.02736,0.02736,0.02736
overlap_p1_d15,overlap,16,prefill_prepare,1,1,128,525,1,0.027648,0.027648,0.027648,0.027648
overlap_p1_d15,overlap,16,prefill_prepare,1,1,128,526,1,0.027648,0.027648,0.027648,0.027648
overlap_p1_d15,overlap,16,prefill_prepare,1,2,128,512,1,0.029248,0.029248,0.029248,0.029248
overlap_p1_d15,overlap,16,prefill_prepare,1,2,128,515,1,0.029696,0.029696,0.029696,0.029696
overlap_p1_d15,overlap,16,prefill_prepare,1,2,128,516,4,0.02828,0.027648,0.029851199999999998,0.03024
overlap_p1_d15,overlap,16,prefill_prepare,1,2,128,517,4,0.02808,0.028128,0.0288256,0.028864
overlap_p1_d15,overlap,16,prefill_prepare,1,2,128,518,4,0.027912,0.027888,0.0291136,0.029248
overlap_p1_d15,overlap,16,prefill_prepare,1,2,128,519,5,0.0278464,0.027648,0.0293056,0.029696
overlap_p1_d15,overlap,16,prefill_prepare,1,2,128,520,4,0.028088,0.028016,0.0286288,0.028672
overlap_p1_d15,overlap,16,prefill_prepare,1,2,128,521,2,0.028032,0.028032,0.0283776,0.028416
overlap_p1_d15,overlap,16,prefill_prepare,1,2,128,522,2,0.028159999999999998,0.028159999999999998,0.0286208,0.028672
overlap_p1_d15,overlap,16,prefill_prepare,1,3,128,513,1,0.028672,0.028672,0.028672,0.028672
overlap_p1_d15,overlap,16,prefill_prepare,1,3,128,515,2,0.028159999999999998,0.028159999999999998,0.0286208,0.028672
overlap_p1_d15,overlap,16,prefill_prepare,1,3,128,516,2,0.02808,0.02808,0.0284688,0.028512
overlap_p1_d15,overlap,16,prefill_prepare,1,3,128,517,3,0.027189333333333333,0.027456,0.0274848,0.027488
overlap_p1_d15,overlap,16,prefill_prepare,1,3,128,518,6,0.027728,0.027648,0.028176,0.028352
overlap_p1_d15,overlap,16,prefill_prepare,1,3,128,519,6,0.027765333333333333,0.027648,0.028344,0.028576
overlap_p1_d15,overlap,16,prefill_prepare,1,3,128,520,2,0.027984000000000002,0.027984000000000002,0.0286032,0.028672
overlap_p1_d15,overlap,16,prefill_prepare,1,3,128,521,1,0.028352,0.028352,0.028352,0.028352
overlap_p1_d15,overlap,16,prefill_prepare,1,3,128,522,2,0.027136,0.027136,0.027596799999999998,0.027648
overlap_p1_d15,overlap,16,prefill_prepare,1,3,128,523,1,0.029408,0.029408,0.029408,0.029408
overlap_p1_d15,overlap,16,prefill_prepare,1,4,128,513,1,0.02928,0.02928,0.02928,0.02928
overlap_p1_d15,overlap,16,prefill_prepare,1,4,128,515,1,0.028128,0.028128,0.028128,0.028128
overlap_p1_d15,overlap,16,prefill_prepare,1,4,128,516,2,0.027648,0.027648,0.027648,0.027648
overlap_p1_d15,overlap,16,prefill_prepare,1,4,128,517,2,0.027648,0.027648,0.027648,0.027648
overlap_p1_d15,overlap,16,prefill_prepare,1,4,128,518,4,0.027888,0.027648,0.0285184,0.028672
overlap_p1_d15,overlap,16,prefill_prepare,1,4,128,519,2,0.028159999999999998,0.028159999999999998,0.0286208,0.028672
overlap_p1_d15,overlap,16,prefill_prepare,1,4,128,522,1,0.028672,0.028672,0.028672,0.028672
overlap_p1_d15,overlap,16,prefill_prepare,1,4,128,523,1,0.027648,0.027648,0.027648,0.027648
overlap_p1_d15,overlap,16,prefill_prepare,1,5,128,514,1,0.027648,0.027648,0.027648,0.027648
overlap_p1_d15,overlap,16,prefill_prepare,1,5,128,516,1,0.027648,0.027648,0.027648,0.027648
overlap_p1_d15,overlap,16,prefill_prepare,1,5,128,518,1,0.027648,0.027648,0.027648,0.027648
overlap_p1_d15,overlap,16,prefill_prepare,1,5,128,521,1,0.027648,0.027648,0.027648,0.027648
overlap_p1_d15,overlap,16,prefill_prepare,1,5,128,522,2,0.028544,0.028544,0.028688,0.028704
overlap_p1_d15,overlap,16,prefill_prepare,1,5,128,523,1,0.027648,0.027648,0.027648,0.027648
overlap_p1_d15,overlap,16,prefill_prepare,1,6,128,514,1,0.028416,0.028416,0.028416,0.028416
overlap_p1_d15,overlap,16,prefill_prepare,1,6,128,516,2,0.027648,0.027648,0.027648,0.027648
overlap_p1_d15,overlap,16,prefill_prepare,1,6,128,517,3,0.02770133333333333,0.027392,0.028256,0.028352
overlap_p1_d15,overlap,16,prefill_prepare,1,6,128,518,1,0.02864,0.02864,0.02864,0.02864
overlap_p1_d15,overlap,16,prefill_prepare,1,6,128,520,1,0.028672,0.028672,0.028672,0.028672
overlap_p1_d15,overlap,16,prefill_prepare,1,6,128,521,1,0.028512,0.028512,0.028512,0.028512
overlap_p1_d15,overlap,16,prefill_prepare,1,6,128,522,1,0.027648,0.027648,0.027648,0.027648
overlap_p1_d15,overlap,16,prefill_prepare,1,7,128,515,1,0.029632,0.029632,0.029632,0.029632
overlap_p1_d15,overlap,16,prefill_prepare,1,7,128,516,1,0.028672,0.028672,0.028672,0.028672
overlap_p1_d15,overlap,16,prefill_prepare,1,7,128,517,1,0.027648,0.027648,0.027648,0.027648
overlap_p1_d15,overlap,16,prefill_prepare,1,7,128,518,1,0.027648,0.027648,0.027648,0.027648
overlap_p1_d15,overlap,16,prefill_prepare,1,7,128,520,1,0.027648,0.027648,0.027648,0.027648
overlap_p1_d15,overlap,16,prefill_prepare,1,7,128,522,1,0.026624,0.026624,0.026624,0.026624
overlap_p1_d15,overlap,16,prefill_prepare,1,8,128,515,1,0.028672,0.028672,0.028672,0.028672
overlap_p1_d15,overlap,16,prefill_prepare,1,8,128,517,1,0.027648,0.027648,0.027648,0.027648
overlap_p1_d15,overlap,16,prefill_prepare,1,8,128,518,2,0.028159999999999998,0.028159999999999998,0.0286208,0.028672
overlap_p1_d15,overlap,16,prefill_prepare,1,8,128,519,1,0.027232,0.027232,0.027232,0.027232
overlap_p1_d15,overlap,16,prefill_prepare,1,8,128,520,1,0.027648,0.027648,0.027648,0.027648
overlap_p1_d15,overlap,16,prefill_prepare,1,8,128,521,1,0.028672,0.028672,0.028672,0.028672
overlap_p1_d15,overlap,16,prefill_prepare,1,8,128,522,1,0.027648,0.027648,0.027648,0.027648
overlap_p1_d15,overlap,16,prefill_prepare,1,9,128,516,1,0.029696,0.029696,0.029696,0.029696
overlap_p1_d15,overlap,16,prefill_prepare,1,9,128,517,1,0.027744,0.027744,0.027744,0.027744
overlap_p1_d15,overlap,16,prefill_prepare,1,9,128,518,2,0.028336,0.028336,0.0286384,0.028672
overlap_p1_d15,overlap,16,prefill_prepare,1,9,128,519,2,0.02752,0.02752,0.0276352,0.027648
overlap_p1_d15,overlap,16,prefill_prepare,1,9,128,522,1,0.028416,0.028416,0.028416,0.028416
overlap_p1_d15,overlap,16,prefill_prepare,1,10,128,516,1,0.028672,0.028672,0.028672,0.028672
overlap_p1_d15,overlap,16,prefill_prepare,1,10,128,521,1,0.028672,0.028672,0.028672,0.028672
overlap_p1_d15,overlap,16,prefill_prepare,1,11,128,517,1,0.028672,0.028672,0.028672,0.028672
overlap_p1_d15,overlap,16,prefill_prepare,1,11,128,521,1,0.028672,0.028672,0.028672,0.028672
overlap_p1_d15,overlap,16,prefill_prepare,1,12,128,517,1,0.028224,0.028224,0.028224,0.028224
overlap_p1_d15,overlap,16,prefill_prepare,1,12,128,520,1,0.028352,0.028352,0.028352,0.028352
overlap_p1_d15,overlap,16,prefill_prepare,1,13,128,518,1,0.028672,0.028672,0.028672,0.028672
overlap_p1_d15,overlap,16,prefill_prepare,1,13,128,520,1,0.027584,0.027584,0.027584,0.027584
overlap_p1_d15,overlap,16,prefill_prepare,1,14,128,518,1,0.028384,0.028384,0.028384,0.028384
overlap_p1_d15,overlap,16,prefill_prepare,1,14,128,519,1,0.027648,0.027648,0.027648,0.027648
overlap_p1_d15,overlap,16,prefill_prepare,1,15,128,519,2,0.027984000000000002,0.027984000000000002,0.0282864,0.02832
overlap_p1_d15,overlap,16,prefill_sample,1,0,128,0,1,0.029472,0.029472,0.029472,0.029472
overlap_p1_d15,overlap,16,prefill_sample,1,1,128,512,1,0.019968,0.019968,0.019968,0.019968
overlap_p1_d15,overlap,16,prefill_sample,1,1,128,518,1,0.019232,0.019232,0.019232,0.019232
overlap_p1_d15,overlap,16,prefill_sample,1,1,128,519,1,0.020256,0.020256,0.020256,0.020256
overlap_p1_d15,overlap,16,prefill_sample,1,1,128,522,1,0.024352,0.024352,0.024352,0.024352
overlap_p1_d15,overlap,16,prefill_sample,1,1,128,526,1,0.020384,0.020384,0.020384,0.020384
overlap_p1_d15,overlap,16,prefill_sample,1,2,128,512,1,0.018592,0.018592,0.018592,0.018592
overlap_p1_d15,overlap,16,prefill_sample,1,2,128,516,1,0.023296,0.023296,0.023296,0.023296
overlap_p1_d15,overlap,16,prefill_sample,1,2,128,519,1,0.02128,0.02128,0.02128,0.02128
overlap_p1_d15,overlap,16,prefill_sample,1,2,128,520,1,0.025376,0.025376,0.025376,0.025376
overlap_p1_d15,overlap,16,prefill_sample,1,2,128,522,1,0.023296,0.023296,0.023296,0.023296
overlap_p1_d15,overlap,16,prefill_sample,1,3,128,513,1,0.021312,0.021312,0.021312,0.021312
overlap_p1_d15,overlap,16,prefill_sample,1,3,128,518,1,0.018176,0.018176,0.018176,0.018176
overlap_p1_d15,overlap,16,prefill_sample,1,3,128,519,3,0.020928,0.020256,0.0230208,0.023328
overlap_p1_d15,overlap,16,prefill_sample,1,3,128,522,1,0.021248,0.021248,0.021248,0.021248
overlap_p1_d15,overlap,16,prefill_sample,1,3,128,523,1,0.024352,0.024352,0.024352,0.024352
overlap_p1_d15,overlap,16,prefill_sample,1,4,128,513,1,0.018848,0.018848,0.018848,0.018848
overlap_p1_d15,overlap,16,prefill_sample,1,4,128,516,1,0.019232,0.019232,0.019232,0.019232
overlap_p1_d15,overlap,16,prefill_sample,1,4,128,518,2,0.022304,0.022304,0.023225600000000002,0.023328
overlap_p1_d15,overlap,16,prefill_sample,1,4,128,519,1,0.023296,0.023296,0.023296,0.023296
overlap_p1_d15,overlap,16,prefill_sample,1,5,128,514,1,0.020672,0.020672,0.020672,0.020672
overlap_p1_d15,overlap,16,prefill_sample,1,5,128,516,1,0.022272,0.022272,0.022272,0.022272
overlap_p1_d15,overlap,16,prefill_sample,1,5,128,518,1,0.024352,0.024352,0.024352,0.024352
overlap_p1_d15,overlap,16,prefill_sample,1,6,128,514,1,0.024608,0.024608,0.024608,0.024608
overlap_p1_d15,overlap,16,prefill_sample,1,6,128,516,1,0.019232,0.019232,0.019232,0.019232
overlap_p1_d15,overlap,16,prefill_sample,1,6,128,517,2,0.018816,0.018816,0.0191904,0.019232
overlap_p1_d15,overlap,16,prefill_sample,1,6,128,518,1,0.024352,0.024352,0.024352,0.024352
overlap_p1_d15,overlap,16,prefill_sample,1,7,128,515,1,0.020224,0.020224,0.020224,0.020224
overlap_p1_d15,overlap,16,prefill_sample,1,7,128,516,1,0.021248,0.021248,0.021248,0.021248
overlap_p1_d15,overlap,16,prefill_sample,1,7,128,518,1,0.024352,0.024352,0.024352,0.024352
overlap_p1_d15,overlap,16,prefill_sample,1,8,128,515,1,0.02432,0.02432,0.02432,0.02432
overlap_p1_d15,overlap,16,prefill_sample,1,8,128,517,1,0.02128,0.02128,0.02128,0.02128
overlap_p1_d15,overlap,16,prefill_sample,1,8,128,518,2,0.025472,0.025472,0.0292448,0.029664
overlap_p1_d15,overlap,16,prefill_sample,1,8,128,519,1,0.024352,0.024352,0.024352,0.024352
overlap_p1_d15,overlap,16,prefill_sample,1,8,128,522,1,0.028064,0.028064,0.028064,0.028064
overlap_p1_d15,overlap,16,prefill_sample,1,9,128,516,1,0.021312,0.021312,0.021312,0.021312
overlap_p1_d15,overlap,16,prefill_sample,1,9,128,517,1,0.020224,0.020224,0.020224,0.020224
overlap_p1_d15,overlap,16,prefill_sample,1,10,128,516,1,0.024352,0.024352,0.024352,0.024352
overlap_p1_d15,overlap,16,prefill_sample,1,11,128,517,1,0.022336,0.022336,0.022336,0.022336
overlap_p1_d15,overlap,16,prefill_sample,1,12,128,517,1,0.024352,0.024352,0.024352,0.024352
overlap_p1_d15,overlap,16,prefill_sample,1,13,128,518,1,0.019232,0.019232,0.019232,0.019232
overlap_p1_d15,overlap,16,prefill_sample,1,14,128,518,1,0.023296,0.023296,0.023296,0.023296
overlap_p1_d15,overlap,16,prefill_sample,1,15,128,519,1,0.021248,0.021248,0.021248,0.021248
overlap_p2_d14,overlap,16,decode_engine,0,2,0,526,1,7.104736,7.104736,7.104736,7.104736
overlap_p2_d14,overlap,16,decode_engine,0,4,0,525,1,7.469792,7.469792,7.469792,7.469792
overlap_p2_d14,overlap,16,decode_engine,0,6,0,524,1,8.071168,8.071168,8.071168,8.071168
overlap_p2_d14,overlap,16,decode_engine,0,6,0,525,1,8.00576,8.00576,8.00576,8.00576
overlap_p2_d14,overlap,16,decode_engine,0,8,0,518,1,14.716928,14.716928,14.716928,14.716928
overlap_p2_d14,overlap,16,decode_engine,0,8,0,519,1,14.671872,14.671872,14.671872,14.671872
overlap_p2_d14,overlap,16,decode_engine,0,8,0,520,1,14.664704,14.664704,14.664704,14.664704
overlap_p2_d14,overlap,16,decode_engine,0,8,0,521,1,15.489024,15.489024,15.489024,15.489024
overlap_p2_d14,overlap,16,decode_engine,0,8,0,522,1,14.665728,14.665728,14.665728,14.665728
overlap_p2_d14,overlap,16,decode_engine,0,8,0,523,1,14.6688,14.6688,14.6688,14.6688
overlap_p2_d14,overlap,16,decode_engine,0,10,0,515,1,15.152128,15.152128,15.152128,15.152128
overlap_p2_d14,overlap,16,decode_engine,0,10,0,516,1,14.917632,14.917632,14.917632,14.917632
overlap_p2_d14,overlap,16,decode_engine,0,10,0,517,1,14.843904,14.843904,14.843904,14.843904
overlap_p2_d14,overlap,16,decode_engine,0,10,0,518,1,14.7968,14.7968,14.7968,14.7968
overlap_p2_d14,overlap,16,decode_engine,0,10,0,519,1,14.711808,14.711808,14.711808,14.711808
overlap_p2_d14,overlap,16,decode_engine,0,14,0,515,1,15.09888,15.09888,15.09888,15.09888
overlap_p2_d14,overlap,16,decode_engine,0,14,0,516,1,14.910464,14.910464,14.910464,14.910464
overlap_p2_d14,overlap,16,decode_engine,0,14,0,517,2,14.954592,14.954592,15.0512736,15.062016
overlap_p2_d14,overlap,16,decode_engine,0,14,0,518,2,14.90968,14.90968,14.9988592,15.008768
overlap_p2_d14,overlap,16,decode_engine,0,14,0,519,1,14.826496,14.826496,14.826496,14.826496
overlap_p2_d14,overlap,16,decode_engine,0,14,0,520,1,14.802944,14.802944,14.802944,14.802944
overlap_p2_d14,overlap,16,decode_engine,0,14,0,521,1,14.814208,14.814208,14.814208,14.814208
overlap_p2_d14,overlap,16,decode_engine,0,14,0,522,2,14.813696,14.813696,14.8150784,14.815232
overlap_p2_d14,overlap,16,decode_engine,0,14,0,523,1,14.824576,14.824576,14.824576,14.824576
overlap_p2_d14,overlap,16,decode_engine,2,2,128,512,2,22.1967355,22.1967355,32.30069664999999,33.423359
overlap_p2_d14,overlap,16,decode_engine,2,2,128,513,2,11.143168,11.143168,11.686912,11.747328
overlap_p2_d14,overlap,16,decode_engine,2,2,128,514,1,12.198912,12.198912,12.198912,12.198912
overlap_p2_d14,overlap,16,decode_engine,2,2,128,515,1,11.98592,11.98592,11.98592,11.98592
overlap_p2_d14,overlap,16,decode_engine,2,2,128,516,1,12.30848,12.30848,12.30848,12.30848
overlap_p2_d14,overlap,16,decode_engine,2,2,128,517,1,11.329536,11.329536,11.329536,11.329536
overlap_p2_d14,overlap,16,decode_engine,2,2,128,518,1,11.712512,11.712512,11.712512,11.712512
overlap_p2_d14,overlap,16,decode_engine,2,2,128,519,1,12.475392,12.475392,12.475392,12.475392
overlap_p2_d14,overlap,16,decode_engine,2,2,128,520,1,11.485184,11.485184,11.485184,11.485184
overlap_p2_d14,overlap,16,decode_engine,2,2,128,521,1,11.486208,11.486208,11.486208,11.486208
overlap_p2_d14,overlap,16,decode_engine,2,2,128,522,1,10.706944,10.706944,10.706944,10.706944
overlap_p2_d14,overlap,16,decode_engine,2,2,128,523,1,11.452416,11.452416,11.452416,11.452416
overlap_p2_d14,overlap,16,decode_engine,2,2,128,524,1,11.51488,11.51488,11.51488,11.51488
overlap_p2_d14,overlap,16,decode_engine,2,2,128,525,1,10.79296,10.79296,10.79296,10.79296
overlap_p2_d14,overlap,16,decode_engine,2,2,128,526,1,11.529216,11.529216,11.529216,11.529216
overlap_p2_d14,overlap,16,decode_engine,2,4,128,512,1,33.597439,33.597439,33.597439,33.597439
overlap_p2_d14,overlap,16,decode_engine,2,4,128,513,1,12.626944,12.626944,12.626944,12.626944
overlap_p2_d14,overlap,16,decode_engine,2,4,128,514,1,12.700672,12.700672,12.700672,12.700672
overlap_p2_d14,overlap,16,decode_engine,2,4,128,515,1,11.954176,11.954176,11.954176,11.954176
overlap_p2_d14,overlap,16,decode_engine,2,4,128,517,2,13.059072,13.059072,13.4175744,13.457408
overlap_p2_d14,overlap,16,decode_engine,2,4,128,518,2,12.341248,12.341248,12.7504384,12.795904
overlap_p2_d14,overlap,16,decode_engine,2,4,128,519,3,13.196629333333334,13.27616,13.5784448,13.612032
overlap_p2_d14,overlap,16,decode_engine,2,4,128,520,3,12.312234666666667,12.47744,12.7732736,12.806144
overlap_p2_d14,overlap,16,decode_engine,2,4,128,521,1,11.93472,11.93472,11.93472,11.93472
overlap_p2_d14,overlap,16,decode_engine,2,4,128,525,1,12.316672,12.316672,12.316672,12.316672
overlap_p2_d14,overlap,16,decode_engine,2,6,128,513,1,34.400257,34.400257,34.400257,34.400257
overlap_p2_d14,overlap,16,decode_engine,2,6,128,514,1,13.60384,13.60384,13.60384,13.60384
overlap_p2_d14,overlap,16,decode_engine,2,6,128,515,2,13.94944,13.94944,14.4420352,14.496768
overlap_p2_d14,overlap,16,decode_engine,2,6,128,516,1,14.134272,14.134272,14.134272,14.134272
overlap_p2_d14,overlap,16,decode_engine,2,6,128,518,3,14.240426666666666,13.949952,15.2337408,15.376384
overlap_p2_d14,overlap,16,decode_engine,2,6,128,519,3,14.031189333333334,14.196736,14.4667648,14.496768
overlap_p2_d14,overlap,16,decode_engine,2,6,128,521,1,14.845952,14.845952,14.845952,14.845952
overlap_p2_d14,overlap,16,decode_engine,2,6,128,525,1,14.154752,14.154752,14.154752,14.154752
overlap_p2_d14,overlap,16,decode_engine,2,8,128,513,1,23.202816,23.202816,23.202816,23.202816
overlap_p2_d14,overlap,16,decode_engine,2,8,128,515,1,21.718016,21.718016,21.718016,21.718016
overlap_p2_d14,overlap,16,decode_engine,2,8,128,516,1,22.1952,22.1952,22.1952,22.1952
overlap_p2_d14,overlap,16,decode_engine,2,8,128,522,1,23.667711,23.667711,23.667711,23.667711
overlap_p2_d14,overlap,16,decode_engine,2,8,128,524,1,22.956192,22.956192,22.956192,22.956192
overlap_p2_d14,overlap,16,decode_engine,2,10,128,514,1,22.437887,22.437887,22.437887,22.437887
overlap_p2_d14,overlap,16,decode_engine,2,10,128,516,1,22.327295,22.327295,22.327295,22.327295
overlap_p2_d14,overlap,16,decode_engine,2,10,128,521,1,22.747135,22.747135,22.747135,22.747135
overlap_p2_d14,overlap,16,decode_engine,2,10,128,522,1,23.641088,23.641088,23.641088,23.641088
overlap_p2_d14,overlap,16,decode_engine,2,10,128,524,1,22.852608,22.852608,22.852608,22.852608
overlap_p2_d14,overlap,16,decode_engine,2,12,128,514,1,22.589439,22.589439,22.589439,22.589439
overlap_p2_d14,overlap,16,decode_engine,2,12,128,516,1,23.556095,23.556095,23.556095,23.556095
overlap_p2_d14,overlap,16,decode_engine,2,12,128,520,2,23.1526395,23.1526395,23.65122465,23.706623
overlap_p2_d14,overlap,16,decode_engine,2,12,128,521,2,23.4109915,23.4109915,23.465466250000002,23.471519
overlap_p2_d14,overlap,16,decode_engine,2,14,128,515,1,22.619137,22.619137,22.619137,22.619137
overlap_p2_d14,overlap,16,decode_engine,2,14,128,516,1,23.665665,23.665665,23.665665,23.665665
overlap_p2_d14,overlap,16,decode_engine,2,14,128,517,1,22.614016,22.614016,22.614016,22.614016
overlap_p2_d14,overlap,16,decode_engine,2,14,128,518,1,22.657024,22.657024,22.657024,22.657024
overlap_p2_d14,overlap,16,decode_engine,2,14,128,519,1,22.692863,22.692863,22.692863,22.692863
overlap_p2_d14,overlap,16,decode_engine,2,14,128,520,1,24.410112,24.410112,24.410112,24.410112
overlap_p2_d14,overlap,16,decode_engine,2,14,128,523,1,24.402975,24.402975,24.402975,24.402975
overlap_p2_d14,overlap,16,decode_prepare,0,2,0,526,1,0.017408,0.017408,0.017408,0.017408
overlap_p2_d14,overlap,16,decode_prepare,0,4,0,525,1,0.023552,0.023552,0.023552,0.023552
overlap_p2_d14,overlap,16,decode_prepare,0,6,0,524,1,0.016384,0.016384,0.016384,0.016384
overlap_p2_d14,overlap,16,decode_prepare,0,6,0,525,1,0.017376,0.017376,0.017376,0.017376
overlap_p2_d14,overlap,16,decode_prepare,0,8,0,518,1,0.017152,0.017152,0.017152,0.017152
overlap_p2_d14,overlap,16,decode_prepare,0,8,0,519,1,0.017408,0.017408,0.017408,0.017408
overlap_p2_d14,overlap,16,decode_prepare,0,8,0,520,1,0.017408,0.017408,0.017408,0.017408
overlap_p2_d14,overlap,16,decode_prepare,0,8,0,521,1,0.03584,0.03584,0.03584,0.03584
overlap_p2_d14,overlap,16,decode_prepare,0,8,0,522,1,0.017184,0.017184,0.017184,0.017184
overlap_p2_d14,overlap,16,decode_prepare,0,8,0,523,1,0.017408,0.017408,0.017408,0.017408
overlap_p2_d14,overlap,16,decode_prepare,0,10,0,515,1,0.018432,0.018432,0.018432,0.018432
overlap_p2_d14,overlap,16,decode_prepare,0,10,0,516,1,0.018432,0.018432,0.018432,0.018432
overlap_p2_d14,overlap,16,decode_prepare,0,10,0,517,1,0.017248,0.017248,0.017248,0.017248
overlap_p2_d14,overlap,16,decode_prepare,0,10,0,518,1,0.017408,0.017408,0.017408,0.017408
overlap_p2_d14,overlap,16,decode_prepare,0,10,0,519,1,0.017344,0.017344,0.017344,0.017344
overlap_p2_d14,overlap,16,decode_prepare,0,14,0,515,1,0.018592,0.018592,0.018592,0.018592
overlap_p2_d14,overlap,16,decode_prepare,0,14,0,516,1,0.018432,0.018432,0.018432,0.018432
overlap_p2_d14,overlap,16,decode_prepare,0,14,0,517,2,0.019936,0.019936,0.021347199999999997,0.021504
overlap_p2_d14,overlap,16,decode_prepare,0,14,0,518,2,0.01784,0.01784,0.0182288,0.018272
overlap_p2_d14,overlap,16,decode_prepare,0,14,0,519,1,0.017984,0.017984,0.017984,0.017984
overlap_p2_d14,overlap,16,decode_prepare,0,14,0,520,1,0.017408,0.017408,0.017408,0.017408
overlap_p2_d14,overlap,16,decode_prepare,0,14,0,521,1,0.017408,0.017408,0.017408,0.017408
overlap_p2_d14,overlap,16,decode_prepare,0,14,0,522,2,0.017504,0.017504,0.017590400000000003,0.0176
overlap_p2_d14,overlap,16,decode_prepare,0,14,0,523,1,0.01744,0.01744,0.01744,0.01744
overlap_p2_d14,overlap,16,decode_prepare,2,2,128,512,2,0.019456,0.019456,0.020377600000000003,0.02048
overlap_p2_d14,overlap,16,decode_prepare,2,2,128,513,2,0.01536,0.01536,0.0190464,0.019456
overlap_p2_d14,overlap,16,decode_prepare,2,2,128,514,1,0.018432,0.018432,0.018432,0.018432
overlap_p2_d14,overlap,16,decode_prepare,2,2,128,515,1,0.043008,0.043008,0.043008,0.043008
overlap_p2_d14,overlap,16,decode_prepare,2,2,128,516,1,0.01024,0.01024,0.01024,0.01024
overlap_p2_d14,overlap,16,decode_prepare,2,2,128,517,1,0.018432,0.018432,0.018432,0.018432
overlap_p2_d14,overlap,16,decode_prepare,2,2,128,518,1,0.053248,0.053248,0.053248,0.053248
overlap_p2_d14,overlap,16,decode_prepare,2,2,128,519,1,0.038912,0.038912,0.038912,0.038912
overlap_p2_d14,overlap,16,decode_prepare,2,2,128,520,1,0.01024,0.01024,0.01024,0.01024
overlap_p2_d14,overlap,16,decode_prepare,2,2,128,521,1,0.017408,0.017408,0.017408,0.017408
overlap_p2_d14,overlap,16,decode_prepare,2,2,128,522,1,0.012288,0.012288,0.012288,0.012288
overlap_p2_d14,overlap,16,decode_prepare,2,2,128,523,1,0.03072,0.03072,0.03072,0.03072
overlap_p2_d14,overlap,16,decode_prepare,2,2,128,524,1,0.018432,0.018432,0.018432,0.018432
overlap_p2_d14,overlap,16,decode_prepare,2,2,128,525,1,0.01024,0.01024,0.01024,0.01024
overlap_p2_d14,overlap,16,decode_prepare,2,2,128,526,1,0.018432,0.018432,0.018432,0.018432
overlap_p2_d14,overlap,16,decode_prepare,2,4,128,512,1,0.019456,0.019456,0.019456,0.019456
overlap_p2_d14,overlap,16,decode_prepare,2,4,128,513,1,0.017408,0.017408,0.017408,0.017408
overlap_p2_d14,overlap,16,decode_prepare,2,4,128,514,1,0.018432,0.018432,0.018432,0.018432
overlap_p2_d14,overlap,16,decode_prepare,2,4,128,515,1,0.018432,0.018432,0.018432,0.018432
overlap_p2_d14,overlap,16,decode_prepare,2,4,128,517,2,0.015359999999999999,0.015359999999999999,0.0172032,0.017408
overlap_p2_d14,overlap,16,decode_prepare,2,4,128,518,2,0.014848,0.014848,0.018073600000000002,0.018432
overlap_p2_d14,overlap,16,decode_prepare,2,4,128,519,3,0.026965333333333334,0.019456,0.040652799999999996,0.043008
overlap_p2_d14,overlap,16,decode_prepare,2,4,128,520,3,0.03140266666666667,0.023552,0.047513599999999996,0.050176
overlap_p2_d14,overlap,16,decode_prepare,2,4,128,521,1,0.016384,0.016384,0.016384,0.016384
overlap_p2_d14,overlap,16,decode_prepare,2,4,128,525,1,0.022528,0.022528,0.022528,0.022528
overlap_p2_d14,overlap,16,decode_prepare,2,6,128,513,1,0.018432,0.018432,0.018432,0.018432
overlap_p2_d14,overlap,16,decode_prepare,2,6,128,514,1,0.050176,0.050176,0.050176,0.050176
overlap_p2_d14,overlap,16,decode_prepare,2,6,128,515,2,0.019456,0.019456,0.020377600000000003,0.02048
overlap_p2_d14,overlap,16,decode_prepare,2,6,128,516,1,0.017408,0.017408,0.017408,0.017408
overlap_p2_d14,overlap,16,decode_prepare,2,6,128,518,3,0.021162666666666666,0.019456,0.0249856,0.0256
overlap_p2_d14,overlap,16,decode_prepare,2,6,128,519,3,0.028672,0.019456,0.04526079999999999,0.048128
overlap_p2_d14,overlap,16,decode_prepare,2,6,128,521,1,0.017408,0.017408,0.017408,0.017408
overlap_p2_d14,overlap,16,decode_prepare,2,6,128,525,1,0.041984,0.041984,0.041984,0.041984
overlap_p2_d14,overlap,16,decode_prepare,2,8,128,513,1,0.032768,0.032768,0.032768,0.032768
overlap_p2_d14,overlap,16,decode_prepare,2,8,128,515,1,0.019456,0.019456,0.019456,0.019456
overlap_p2_d14,overlap,16,decode_prepare,2,8,128,516,1,0.02048,0.02048,0.02048,0.02048
overlap_p2_d14,overlap,16,decode_prepare,2,8,128,522,1,0.017408,0.017408,0.017408,0.017408
overlap_p2_d14,overlap,16,decode_prepare,2,8,128,524,1,0.019456,0.019456,0.019456,0.019456
overlap_p2_d14,overlap,16,decode_prepare,2,10,128,514,1,0.018432,0.018432,0.018432,0.018432
overlap_p2_d14,overlap,16,decode_prepare,2,10,128,516,1,0.019456,0.019456,0.019456,0.019456
overlap_p2_d14,overlap,16,decode_prepare,2,10,128,521,1,0.019456,0.019456,0.019456,0.019456
overlap_p2_d14,overlap,16,decode_prepare,2,10,128,522,1,0.019456,0.019456,0.019456,0.019456
overlap_p2_d14,overlap,16,decode_prepare,2,10,128,524,1,0.039936,0.039936,0.039936,0.039936
overlap_p2_d14,overlap,16,decode_prepare,2,12,128,514,1,0.021504,0.021504,0.021504,0.021504
overlap_p2_d14,overlap,16,decode_prepare,2,12,128,516,1,0.01024,0.01024,0.01024,0.01024
overlap_p2_d14,overlap,16,decode_prepare,2,12,128,520,2,0.032768,0.032768,0.0456704,0.047104
overlap_p2_d14,overlap,16,decode_prepare,2,12,128,521,2,0.012288,0.012288,0.013209599999999998,0.013312
overlap_p2_d14,overlap,16,decode_prepare,2,14,128,515,1,0.02048,0.02048,0.02048,0.02048
overlap_p2_d14,overlap,16,decode_prepare,2,14,128,516,1,0.018432,0.018432,0.018432,0.018432
overlap_p2_d14,overlap,16,decode_prepare,2,14,128,517,1,0.04096,0.04096,0.04096,0.04096
overlap_p2_d14,overlap,16,decode_prepare,2,14,128,518,1,0.018432,0.018432,0.018432,0.018432
overlap_p2_d14,overlap,16,decode_prepare,2,14,128,519,1,0.02048,0.02048,0.02048,0.02048
overlap_p2_d14,overlap,16,decode_prepare,2,14,128,520,1,0.03072,0.03072,0.03072,0.03072
overlap_p2_d14,overlap,16,decode_prepare,2,14,128,523,1,0.02048,0.02048,0.02048,0.02048
overlap_p2_d14,overlap,16,decode_sample,0,2,0,526,1,0.022944,0.022944,0.022944,0.022944
overlap_p2_d14,overlap,16,decode_sample,0,4,0,525,1,0.029088,0.029088,0.029088,0.029088
overlap_p2_d14,overlap,16,decode_sample,0,6,0,524,1,0.038336,0.038336,0.038336,0.038336
overlap_p2_d14,overlap,16,decode_sample,0,6,0,525,1,0.042432,0.042432,0.042432,0.042432
overlap_p2_d14,overlap,16,decode_sample,0,8,0,518,1,0.051488,0.051488,0.051488,0.051488
overlap_p2_d14,overlap,16,decode_sample,0,8,0,519,1,0.052512,0.052512,0.052512,0.052512
overlap_p2_d14,overlap,16,decode_sample,0,8,0,520,1,0.052512,0.052512,0.052512,0.052512
overlap_p2_d14,overlap,16,decode_sample,0,8,0,521,1,0.050464,0.050464,0.050464,0.050464
overlap_p2_d14,overlap,16,decode_sample,0,8,0,522,1,0.051488,0.051488,0.051488,0.051488
overlap_p2_d14,overlap,16,decode_sample,0,8,0,523,1,0.048832,0.048832,0.048832,0.048832
overlap_p2_d14,overlap,16,decode_sample,0,10,0,515,1,0.062912,0.062912,0.062912,0.062912
overlap_p2_d14,overlap,16,decode_sample,0,10,0,516,1,0.056768,0.056768,0.056768,0.056768
overlap_p2_d14,overlap,16,decode_sample,0,10,0,517,1,0.056128,0.056128,0.056128,0.056128
overlap_p2_d14,overlap,16,decode_sample,0,10,0,518,1,0.061888,0.061888,0.061888,0.061888
overlap_p2_d14,overlap,16,decode_sample,0,10,0,519,1,0.06288,0.06288,0.06288,0.06288
overlap_p2_d14,overlap,16,decode_sample,0,14,0,515,1,0.078272,0.078272,0.078272,0.078272
overlap_p2_d14,overlap,16,decode_sample,0,14,0,516,1,0.076224,0.076224,0.076224,0.076224
overlap_p2_d14,overlap,16,decode_sample,0,14,0,517,2,0.07878399999999999,0.07878399999999999,0.0792448,0.079296
overlap_p2_d14,overlap,16,decode_sample,0,14,0,518,2,0.07928,0.07928,0.0792944,0.079296
overlap_p2_d14,overlap,16,decode_sample,0,14,0,519,1,0.077216,0.077216,0.077216,0.077216
overlap_p2_d14,overlap,16,decode_sample,0,14,0,520,1,0.081376,0.081376,0.081376,0.081376
overlap_p2_d14,overlap,16,decode_sample,0,14,0,521,1,0.080352,0.080352,0.080352,0.080352
overlap_p2_d14,overlap,16,decode_sample,0,14,0,522,2,0.076224,0.076224,0.076224,0.076224
overlap_p2_d14,overlap,16,decode_sample,0,14,0,523,1,0.080288,0.080288,0.080288,0.080288
overlap_p2_d14,overlap,16,decode_sample,2,2,128,512,2,0.020816,0.020816,0.0231344,0.023392
overlap_p2_d14,overlap,16,decode_sample,2,2,128,513,2,0.105808,0.105808,0.16146399999999997,0.167648
overlap_p2_d14,overlap,16,decode_sample,2,2,128,514,1,0.032224,0.032224,0.032224,0.032224
overlap_p2_d14,overlap,16,decode_sample,2,2,128,515,1,0.02544,0.02544,0.02544,0.02544
overlap_p2_d14,overlap,16,decode_sample,2,2,128,516,1,0.031168,0.031168,0.031168,0.031168
overlap_p2_d14,overlap,16,decode_sample,2,2,128,517,1,0.02768,0.02768,0.02768,0.02768
overlap_p2_d14,overlap,16,decode_sample,2,2,128,518,1,0.167552,0.167552,0.167552,0.167552
overlap_p2_d14,overlap,16,decode_sample,2,2,128,519,1,0.028512,0.028512,0.028512,0.028512
overlap_p2_d14,overlap,16,decode_sample,2,2,128,520,1,0.031168,0.031168,0.031168,0.031168
overlap_p2_d14,overlap,16,decode_sample,2,2,128,521,1,0.031168,0.031168,0.031168,0.031168
overlap_p2_d14,overlap,16,decode_sample,2,2,128,522,1,0.050048,0.050048,0.050048,0.050048
overlap_p2_d14,overlap,16,decode_sample,2,2,128,523,1,0.025024,0.025024,0.025024,0.025024
overlap_p2_d14,overlap,16,decode_sample,2,2,128,524,1,0.024,0.024,0.024,0.024
overlap_p2_d14,overlap,16,decode_sample,2,2,128,525,1,0.136512,0.136512,0.136512,0.136512
overlap_p2_d14,overlap,16,decode_sample,2,2,128,526,1,0.028128,0.028128,0.028128,0.028128
overlap_p2_d14,overlap,16,decode_sample,2,4,128,512,1,0.036704,0.036704,0.036704,0.036704
overlap_p2_d14,overlap,16,decode_sample,2,4,128,513,1,0.042432,0.042432,0.042432,0.042432
overlap_p2_d14,overlap,16,decode_sample,2,4,128,514,1,0.04448,0.04448,0.04448,0.04448
overlap_p2_d14,overlap,16,decode_sample,2,4,128,515,1,0.040704,0.040704,0.040704,0.040704
overlap_p2_d14,overlap,16,decode_sample,2,4,128,517,2,0.042784,0.042784,0.045491199999999996,0.045792
overlap_p2_d14,overlap,16,decode_sample,2,4,128,518,2,0.040896,0.040896,0.0459648,0.046528
overlap_p2_d14,overlap,16,decode_sample,2,4,128,519,3,0.054101333333333335,0.046528,0.0706336,0.073312
overlap_p2_d14,overlap,16,decode_sample,2,4,128,520,3,0.06701866666666667,0.042432,0.10895999999999999,0.116352
overlap_p2_d14,overlap,16,decode_sample,2,4,128,521,1,0.036704,0.036704,0.036704,0.036704
overlap_p2_d14,overlap,16,decode_sample,2,4,128,525,1,0.03488,0.03488,0.03488,0.03488
overlap_p2_d14,overlap,16,decode_sample,2,6,128,513,1,0.045888,0.045888,0.045888,0.045888
overlap_p2_d14,overlap,16,decode_sample,2,6,128,514,1,0.050624,0.050624,0.050624,0.050624
overlap_p2_d14,overlap,16,decode_sample,2,6,128,515,2,0.06695999999999999,0.06695999999999999,0.0803664,0.081856
overlap_p2_d14,overlap,16,decode_sample,2,6,128,516,1,0.051488,0.051488,0.051488,0.051488
overlap_p2_d14,overlap,16,decode_sample,2,6,128,518,3,0.07300266666666667,0.055168,0.108592,0.114528
overlap_p2_d14,overlap,16,decode_sample,2,6,128,519,3,0.07482666666666667,0.050624,0.1183616,0.125888
overlap_p2_d14,overlap,16,decode_sample,2,6,128,521,1,0.054752,0.054752,0.054752,0.054752
overlap_p2_d14,overlap,16,decode_sample,2,6,128,525,1,0.120704,0.120704,0.120704,0.120704
overlap_p2_d14,overlap,16,decode_sample,2,8,128,513,1,0.079904,0.079904,0.079904,0.079904
overlap_p2_d14,overlap,16,decode_sample,2,8,128,515,1,0.060096,0.060096,0.060096,0.060096
overlap_p2_d14,overlap,16,decode_sample,2,8,128,516,1,0.10288,0.10288,0.10288,0.10288
overlap_p2_d14,overlap,16,decode_sample,2,8,128,522,1,0.105024,0.105024,0.105024,0.105024
overlap_p2_d14,overlap,16,decode_sample,2,8,128,524,1,0.054592,0.054592,0.054592,0.054592
overlap_p2_d14,overlap,16,decode_sample,2,10,128,514,1,0.205728,0.205728,0.205728,0.205728
overlap_p2_d14,overlap,16,decode_sample,2,10,128,516,1,0.242112,0.242112,0.242112,0.242112
overlap_p2_d14,overlap,16,decode_sample,2,10,128,521,1,0.068416,0.068416,0.068416,0.068416
overlap_p2_d14,overlap,16,decode_sample,2,10,128,522,1,0.145888,0.145888,0.145888,0.145888
overlap_p2_d14,overlap,16,decode_sample,2,10,128,524,1,0.209792,0.209792,0.209792,0.209792
overlap_p2_d14,overlap,16,decode_sample,2,12,128,514,1,0.112864,0.112864,0.112864,0.112864
overlap_p2_d14,overlap,16,decode_sample,2,12,128,516,1,0.09168,0.09168,0.09168,0.09168
overlap_p2_d14,overlap,16,decode_sample,2,12,128,520,2,0.114992,0.114992,0.14711839999999998,0.150688
overlap_p2_d14,overlap,16,decode_sample,2,12,128,521,2,0.06926399999999999,0.06926399999999999,0.07184159999999999,0.072128
overlap_p2_d14,overlap,16,decode_sample,2,14,128,515,1,0.120736,0.120736,0.120736,0.120736
overlap_p2_d14,overlap,16,decode_sample,2,14,128,516,1,0.098752,0.098752,0.098752,0.098752
overlap_p2_d14,overlap,16,decode_sample,2,14,128,517,1,0.268544,0.268544,0.268544,0.268544
overlap_p2_d14,overlap,16,decode_sample,2,14,128,518,1,0.119648,0.119648,0.119648,0.119648
overlap_p2_d14,overlap,16,decode_sample,2,14,128,519,1,0.079296,0.079296,0.079296,0.079296
overlap_p2_d14,overlap,16,decode_sample,2,14,128,520,1,0.0824,0.0824,0.0824,0.0824
overlap_p2_d14,overlap,16,decode_sample,2,14,128,523,1,0.077248,0.077248,0.077248,0.077248
overlap_p2_d14,overlap,16,prefill_cache_commit,1,0,128,0,2,0.003744,0.003744,0.0040608,0.004096
overlap_p2_d14,overlap,16,prefill_cache_commit,2,0,128,0,26,0.0034806153846153845,0.003216,0.004096,0.004096
overlap_p2_d14,overlap,16,prefill_cache_commit,2,2,128,512,2,0.004096,0.004096,0.004096,0.004096
overlap_p2_d14,overlap,16,prefill_cache_commit,2,2,128,513,2,0.00328,0.00328,0.0033808,0.003392
overlap_p2_d14,overlap,16,prefill_cache_commit,2,2,128,514,1,0.004096,0.004096,0.004096,0.004096
overlap_p2_d14,overlap,16,prefill_cache_commit,2,2,128,515,1,0.003072,0.003072,0.003072,0.003072
overlap_p2_d14,overlap,16,prefill_cache_commit,2,2,128,516,1,0.003072,0.003072,0.003072,0.003072
overlap_p2_d14,overlap,16,prefill_cache_commit,2,2,128,517,1,0.004096,0.004096,0.004096,0.004096
overlap_p2_d14,overlap,16,prefill_cache_commit,2,2,128,518,1,0.00336,0.00336,0.00336,0.00336
overlap_p2_d14,overlap,16,prefill_cache_commit,2,2,128,519,1,0.004096,0.004096,0.004096,0.004096
overlap_p2_d14,overlap,16,prefill_cache_commit,2,2,128,520,1,0.004096,0.004096,0.004096,0.004096
overlap_p2_d14,overlap,16,prefill_cache_commit,2,2,128,521,1,0.003104,0.003104,0.003104,0.003104
overlap_p2_d14,overlap,16,prefill_cache_commit,2,2,128,522,1,0.003072,0.003072,0.003072,0.003072
overlap_p2_d14,overlap,16,prefill_cache_commit,2,2,128,523,1,0.004096,0.004096,0.004096,0.004096
overlap_p2_d14,overlap,16,prefill_cache_commit,2,2,128,524,1,0.003072,0.003072,0.003072,0.003072
overlap_p2_d14,overlap,16,prefill_cache_commit,2,2,128,525,1,0.003072,0.003072,0.003072,0.003072
overlap_p2_d14,overlap,16,prefill_cache_commit,2,2,128,526,1,0.003072,0.003072,0.003072,0.003072
overlap_p2_d14,overlap,16,prefill_cache_commit,2,4,128,512,1,0.004096,0.004096,0.004096,0.004096
overlap_p2_d14,overlap,16,prefill_cache_commit,2,4,128,513,1,0.004096,0.004096,0.004096,0.004096
overlap_p2_d14,overlap,16,prefill_cache_commit,2,4,128,514,1,0.003232,0.003232,0.003232,0.003232
overlap_p2_d14,overlap,16,prefill_cache_commit,2,4,128,515,1,0.003072,0.003072,0.003072,0.003072
overlap_p2_d14,overlap,16,prefill_cache_commit,2,4,128,517,2,0.003584,0.003584,0.0040447999999999994,0.004096
overlap_p2_d14,overlap,16,prefill_cache_commit,2,4,128,518,2,0.003072,0.003072,0.003072,0.003072
overlap_p2_d14,overlap,16,prefill_cache_commit,2,4,128,519,3,0.003072,0.003072,0.003072,0.003072
overlap_p2_d14,overlap,16,prefill_cache_commit,2,4,128,520,3,0.003658666666666667,0.00352,0.0040384,0.004096
overlap_p2_d14,overlap,16,prefill_cache_commit,2,4,128,521,1,0.004096,0.004096,0.004096,0.004096
overlap_p2_d14,overlap,16,prefill_cache_commit,2,4,128,525,1,0.0032,0.0032,0.0032,0.0032
overlap_p2_d14,overlap,16,prefill_cache_commit,2,6,128,513,1,0.00512,0.00512,0.00512,0.00512
overlap_p2_d14,overlap,16,prefill_cache_commit,2,6,128,514,1,0.003072,0.003072,0.003072,0.003072
overlap_p2_d14,overlap,16,prefill_cache_commit,2,6,128,515,2,0.003584,0.003584,0.0040447999999999994,0.004096
overlap_p2_d14,overlap,16,prefill_cache_commit,2,6,128,516,1,0.004096,0.004096,0.004096,0.004096
overlap_p2_d14,overlap,16,prefill_cache_commit,2,6,128,518,3,0.0037546666666666666,0.004096,0.004096,0.004096
overlap_p2_d14,overlap,16,prefill_cache_commit,2,6,128,519,3,0.0034133333333333333,0.003072,0.0039936,0.004096
overlap_p2_d14,overlap,16,prefill_cache_commit,2,6,128,521,1,0.004096,0.004096,0.004096,0.004096
overlap_p2_d14,overlap,16,prefill_cache_commit,2,6,128,525,1,0.004096,0.004096,0.004096,0.004096
overlap_p2_d14,overlap,16,prefill_cache_commit,2,8,128,513,1,0.004096,0.004096,0.004096,0.004096
overlap_p2_d14,overlap,16,prefill_cache_commit,2,8,128,515,1,0.003072,0.003072,0.003072,0.003072
overlap_p2_d14,overlap,16,prefill_cache_commit,2,8,128,516,1,0.003072,0.003072,0.003072,0.003072
overlap_p2_d14,overlap,16,prefill_cache_commit,2,8,128,522,1,0.003072,0.003072,0.003072,0.003072
overlap_p2_d14,overlap,16,prefill_cache_commit,2,8,128,524,1,0.003072,0.003072,0.003072,0.003072
overlap_p2_d14,overlap,16,prefill_cache_commit,2,10,128,514,1,0.004096,0.004096,0.004096,0.004096
overlap_p2_d14,overlap,16,prefill_cache_commit,2,10,128,516,1,0.003168,0.003168,0.003168,0.003168
overlap_p2_d14,overlap,16,prefill_cache_commit,2,10,128,521,1,0.004096,0.004096,0.004096,0.004096
overlap_p2_d14,overlap,16,prefill_cache_commit,2,10,128,522,1,0.003072,0.003072,0.003072,0.003072
overlap_p2_d14,overlap,16,prefill_cache_commit,2,10,128,524,1,0.004096,0.004096,0.004096,0.004096
overlap_p2_d14,overlap,16,prefill_cache_commit,2,12,128,514,1,0.004096,0.004096,0.004096,0.004096
overlap_p2_d14,overlap,16,prefill_cache_commit,2,12,128,516,1,0.004096,0.004096,0.004096,0.004096
overlap_p2_d14,overlap,16,prefill_cache_commit,2,12,128,520,2,0.003712,0.003712,0.0040576,0.004096
overlap_p2_d14,overlap,16,prefill_cache_commit,2,12,128,521,2,0.003584,0.003584,0.0040447999999999994,0.004096
overlap_p2_d14,overlap,16,prefill_cache_commit,2,14,128,515,1,0.003072,0.003072,0.003072,0.003072
overlap_p2_d14,overlap,16,prefill_cache_commit,2,14,128,516,1,0.004096,0.004096,0.004096,0.004096
overlap_p2_d14,overlap,16,prefill_cache_commit,2,14,128,517,1,0.004096,0.004096,0.004096,0.004096
overlap_p2_d14,overlap,16,prefill_cache_commit,2,14,128,518,1,0.003232,0.003232,0.003232,0.003232
overlap_p2_d14,overlap,16,prefill_cache_commit,2,14,128,519,1,0.004096,0.004096,0.004096,0.004096
overlap_p2_d14,overlap,16,prefill_cache_commit,2,14,128,520,1,0.003072,0.003072,0.003072,0.003072
overlap_p2_d14,overlap,16,prefill_cache_commit,2,14,128,523,1,0.004096,0.004096,0.004096,0.004096
overlap_p2_d14,overlap,16,prefill_engine,1,0,128,0,2,18.309632,18.309632,18.4520192,18.46784
overlap_p2_d14,overlap,16,prefill_engine,2,0,128,0,26,27.656550076923075,27.852288,31.465215999999998,32.00819
overlap_p2_d14,overlap,16,prefill_engine,2,2,128,512,2,32.1551365,32.1551365,32.30305375,32.319489
overlap_p2_d14,overlap,16,prefill_engine,2,2,128,513,2,32.702464,32.702464,34.445208699999995,34.638847
overlap_p2_d14,overlap,16,prefill_engine,2,2,128,514,1,27.160576,27.160576,27.160576,27.160576
overlap_p2_d14,overlap,16,prefill_engine,2,2,128,515,1,30.526464,30.526464,30.526464,30.526464
overlap_p2_d14,overlap,16,prefill_engine,2,2,128,516,1,27.181055,27.181055,27.181055,27.181055
overlap_p2_d14,overlap,16,prefill_engine,2,2,128,517,1,27.098112,27.098112,27.098112,27.098112
overlap_p2_d14,overlap,16,prefill_engine,2,2,128,518,1,30.678017,30.678017,30.678017,30.678017
overlap_p2_d14,overlap,16,prefill_engine,2,2,128,519,1,26.754047,26.754047,26.754047,26.754047
overlap_p2_d14,overlap,16,prefill_engine,2,2,128,520,1,32.606209,32.606209,32.606209,32.606209
overlap_p2_d14,overlap,16,prefill_engine,2,2,128,521,1,30.787584,30.787584,30.787584,30.787584
overlap_p2_d14,overlap,16,prefill_engine,2,2,128,522,1,32.608257,32.608257,32.608257,32.608257
overlap_p2_d14,overlap,16,prefill_engine,2,2,128,523,1,30.544895,30.544895,30.544895,30.544895
overlap_p2_d14,overlap,16,prefill_engine,2,2,128,524,1,30.754816,30.754816,30.754816,30.754816
overlap_p2_d14,overlap,16,prefill_engine,2,2,128,525,1,32.854015,32.854015,32.854015,32.854015
overlap_p2_d14,overlap,16,prefill_engine,2,2,128,526,1,30.977024,30.977024,30.977024,30.977024
overlap_p2_d14,overlap,16,prefill_engine,2,4,128,512,1,31.875072,31.875072,31.875072,31.875072
overlap_p2_d14,overlap,16,prefill_engine,2,4,128,513,1,32.493568,32.493568,32.493568,32.493568
overlap_p2_d14,overlap,16,prefill_engine,2,4,128,514,1,32.751617,32.751617,32.751617,32.751617
overlap_p2_d14,overlap,16,prefill_engine,2,4,128,515,1,34.629665,34.629665,34.629665,34.629665
overlap_p2_d14,overlap,16,prefill_engine,2,4,128,517,2,28.948991499999998,28.948991499999998,30.553958350000002,30.732288
overlap_p2_d14,overlap,16,prefill_engine,2,4,128,518,2,31.8392325,31.8392325,32.70738015,32.803841
overlap_p2_d14,overlap,16,prefill_engine,2,4,128,519,3,28.984319666666668,27.232256,32.2494455,32.806911
overlap_p2_d14,overlap,16,prefill_engine,2,4,128,520,3,33.62645333333334,34.931713,35.0699521,35.085312
overlap_p2_d14,overlap,16,prefill_engine,2,4,128,521,1,34.806976,34.806976,34.806976,34.806976
overlap_p2_d14,overlap,16,prefill_engine,2,4,128,525,1,34.771969,34.771969,34.771969,34.771969
overlap_p2_d14,overlap,16,prefill_engine,2,6,128,513,1,31.997952,31.997952,31.997952,31.997952
overlap_p2_d14,overlap,16,prefill_engine,2,6,128,514,1,32.947201,32.947201,32.947201,32.947201
overlap_p2_d14,overlap,16,prefill_engine,2,6,128,515,2,31.489025,31.489025,34.824295400000004,35.194881
overlap_p2_d14,overlap,16,prefill_engine,2,6,128,516,1,35.265663,35.265663,35.265663,35.265663
overlap_p2_d14,overlap,16,prefill_engine,2,6,128,518,3,30.574934,31.043585,32.9807882,33.196033
overlap_p2_d14,overlap,16,prefill_engine,2,6,128,519,3,34.00089633333333,33.664001,35.1145985,35.275776
overlap_p2_d14,overlap,16,prefill_engine,2,6,128,521,1,27.750401,27.750401,27.750401,27.750401
overlap_p2_d14,overlap,16,prefill_engine,2,6,128,525,1,27.511808,27.511808,27.511808,27.511808
overlap_p2_d14,overlap,16,prefill_engine,2,8,128,513,1,34.932735,34.932735,34.932735,34.932735
overlap_p2_d14,overlap,16,prefill_engine,2,8,128,515,1,35.169281,35.169281,35.169281,35.169281
overlap_p2_d14,overlap,16,prefill_engine,2,8,128,516,1,35.178497,35.178497,35.178497,35.178497
overlap_p2_d14,overlap,16,prefill_engine,2,8,128,522,1,31.140863,31.140863,31.140863,31.140863
overlap_p2_d14,overlap,16,prefill_engine,2,8,128,524,1,25.71776,25.71776,25.71776,25.71776
overlap_p2_d14,overlap,16,prefill_engine,2,10,128,514,1,35.464191,35.464191,35.464191,35.464191
overlap_p2_d14,overlap,16,prefill_engine,2,10,128,516,1,35.46624,35.46624,35.46624,35.46624
overlap_p2_d14,overlap,16,prefill_engine,2,10,128,521,1,35.075394,35.075394,35.075394,35.075394
overlap_p2_d14,overlap,16,prefill_engine,2,10,128,522,1,33.348606,33.348606,33.348606,33.348606
overlap_p2_d14,overlap,16,prefill_engine,2,10,128,524,1,33.172482,33.172482,33.172482,33.172482
overlap_p2_d14,overlap,16,prefill_engine,2,12,128,514,1,35.566593,35.566593,35.566593,35.566593
overlap_p2_d14,overlap,16,prefill_engine,2,12,128,516,1,35.426304,35.426304,35.426304,35.426304
overlap_p2_d14,overlap,16,prefill_engine,2,12,128,520,2,32.2606075,32.2606075,33.21584545,33.321983
overlap_p2_d14,overlap,16,prefill_engine,2,12,128,521,2,26.1795845,26.1795845,26.22290015,26.227713
overlap_p2_d14,overlap,16,prefill_engine,2,14,128,515,1,35.267586,35.267586,35.267586,35.267586
overlap_p2_d14,overlap,16,prefill_engine,2,14,128,516,1,31.367201,31.367201,31.367201,31.367201
overlap_p2_d14,overlap,16,prefill_engine,2,14,128,517,1,33.793022,33.793022,33.793022,33.793022
overlap_p2_d14,overlap,16,prefill_engine,2,14,128,518,1,35.639297,35.639297,35.639297,35.639297
overlap_p2_d14,overlap,16,prefill_engine,2,14,128,519,1,25.368576,25.368576,25.368576,25.368576
overlap_p2_d14,overlap,16,prefill_engine,2,14,128,520,1,29.503489,29.503489,29.503489,29.503489
overlap_p2_d14,overlap,16,prefill_engine,2,14,128,523,1,29.70624,29.70624,29.70624,29.70624
overlap_p2_d14,overlap,16,prefill_prepare,1,0,128,0,2,0.05216,0.05216,0.0751424,0.077696
overlap_p2_d14,overlap,16,prefill_prepare,2,0,128,0,26,0.033638153846153845,0.033632,0.035248,0.035616
overlap_p2_d14,overlap,16,prefill_prepare,2,2,128,512,2,0.038208,0.038208,0.042441599999999996,0.042912
overlap_p2_d14,overlap,16,prefill_prepare,2,2,128,513,2,0.040847999999999995,0.040847999999999995,0.046392,0.047008
overlap_p2_d14,overlap,16,prefill_prepare,2,2,128,514,1,0.034528,0.034528,0.034528,0.034528
overlap_p2_d14,overlap,16,prefill_prepare,2,2,128,515,1,0.034688,0.034688,0.034688,0.034688
overlap_p2_d14,overlap,16,prefill_prepare,2,2,128,516,1,0.033792,0.033792,0.033792,0.033792
overlap_p2_d14,overlap,16,prefill_prepare,2,2,128,517,1,0.033792,0.033792,0.033792,0.033792
overlap_p2_d14,overlap,16,prefill_prepare,2,2,128,518,1,0.032768,0.032768,0.032768,0.032768
overlap_p2_d14,overlap,16,prefill_prepare,2,2,128,519,1,0.033792,0.033792,0.033792,0.033792
overlap_p2_d14,overlap,16,prefill_prepare,2,2,128,520,1,0.035584,0.035584,0.035584,0.035584
overlap_p2_d14,overlap,16,prefill_prepare,2,2,128,521,1,0.034592,0.034592,0.034592,0.034592
overlap_p2_d14,overlap,16,prefill_prepare,2,2,128,522,1,0.033792,0.033792,0.033792,0.033792
overlap_p2_d14,overlap,16,prefill_prepare,2,2,128,523,1,0.033792,0.033792,0.033792,0.033792
overlap_p2_d14,overlap,16,prefill_prepare,2,2,128,524,1,0.034816,0.034816,0.034816,0.034816
overlap_p2_d14,overlap,16,prefill_prepare,2,2,128,525,1,0.033792,0.033792,0.033792,0.033792
overlap_p2_d14,overlap,16,prefill_prepare,2,2,128,526,1,0.033696,0.033696,0.033696,0.033696
overlap_p2_d14,overlap,16,prefill_prepare,2,4,128,512,1,0.034528,0.034528,0.034528,0.034528
overlap_p2_d14,overlap,16,prefill_prepare,2,4,128,513,1,0.033792,0.033792,0.033792,0.033792
overlap_p2_d14,overlap,16,prefill_prepare,2,4,128,514,1,0.033792,0.033792,0.033792,0.033792
overlap_p2_d14,overlap,16,prefill_prepare,2,4,128,515,1,0.033792,0.033792,0.033792,0.033792
overlap_p2_d14,overlap,16,prefill_prepare,2,4,128,517,2,0.034816,0.034816,0.034816,0.034816
overlap_p2_d14,overlap,16,prefill_prepare,2,4,128,518,2,0.03456,0.03456,0.034761600000000004,0.034784
overlap_p2_d14,overlap,16,prefill_prepare,2,4,128,519,3,0.033856000000000004,0.033792,0.0339648,0.033984
overlap_p2_d14,overlap,16,prefill_prepare,2,4,128,520,3,0.03504,0.034816,0.0355936,0.03568
overlap_p2_d14,overlap,16,prefill_prepare,2,4,128,521,1,0.034432,0.034432,0.034432,0.034432
overlap_p2_d14,overlap,16,prefill_prepare,2,4,128,525,1,0.034816,0.034816,0.034816,0.034816
overlap_p2_d14,overlap,16,prefill_prepare,2,6,128,513,1,0.033792,0.033792,0.033792,0.033792
overlap_p2_d14,overlap,16,prefill_prepare,2,6,128,514,1,0.034688,0.034688,0.034688,0.034688
overlap_p2_d14,overlap,16,prefill_prepare,2,6,128,515,2,0.034144,0.034144,0.0344608,0.034496
overlap_p2_d14,overlap,16,prefill_prepare,2,6,128,516,1,0.034816,0.034816,0.034816,0.034816
overlap_p2_d14,overlap,16,prefill_prepare,2,6,128,518,3,0.03402666666666667,0.034112,0.0345152,0.03456
overlap_p2_d14,overlap,16,prefill_prepare,2,6,128,519,3,0.034592,0.034368,0.0356928,0.03584
overlap_p2_d14,overlap,16,prefill_prepare,2,6,128,521,1,0.033792,0.033792,0.033792,0.033792
overlap_p2_d14,overlap,16,prefill_prepare,2,6,128,525,1,0.034816,0.034816,0.034816,0.034816
overlap_p2_d14,overlap,16,prefill_prepare,2,8,128,513,1,0.033984,0.033984,0.033984,0.033984
overlap_p2_d14,overlap,16,prefill_prepare,2,8,128,515,1,0.033664,0.033664,0.033664,0.033664
overlap_p2_d14,overlap,16,prefill_prepare,2,8,128,516,1,0.034816,0.034816,0.034816,0.034816
overlap_p2_d14,overlap,16,prefill_prepare,2,8,128,522,1,0.03584,0.03584,0.03584,0.03584
overlap_p2_d14,overlap,16,prefill_prepare,2,8,128,524,1,0.034432,0.034432,0.034432,0.034432
overlap_p2_d14,overlap,16,prefill_prepare,2,10,128,514,1,0.034816,0.034816,0.034816,0.034816
overlap_p2_d14,overlap,16,prefill_prepare,2,10,128,516,1,0.03584,0.03584,0.03584,0.03584
overlap_p2_d14,overlap,16,prefill_prepare,2,10,128,521,1,0.033472,0.033472,0.033472,0.033472
overlap_p2_d14,overlap,16,prefill_prepare,2,10,128,522,1,0.032768,0.032768,0.032768,0.032768
overlap_p2_d14,overlap,16,prefill_prepare,2,10,128,524,1,0.0336,0.0336,0.0336,0.0336
overlap_p2_d14,overlap,16,prefill_prepare,2,12,128,514,1,0.03584,0.03584,0.03584,0.03584
overlap_p2_d14,overlap,16,prefill_prepare,2,12,128,516,1,0.034816,0.034816,0.034816,0.034816
overlap_p2_d14,overlap,16,prefill_prepare,2,12,128,520,2,0.034112,0.034112,0.0344864,0.034528
overlap_p2_d14,overlap,16,prefill_prepare,2,12,128,521,2,0.03608,0.03608,0.0369008,0.036992
overlap_p2_d14,overlap,16,prefill_prepare,2,14,128,515,1,0.03472,0.03472,0.03472,0.03472
overlap_p2_d14,overlap,16,prefill_prepare,2,14,128,516,1,0.03424,0.03424,0.03424,0.03424
overlap_p2_d14,overlap,16,prefill_prepare,2,14,128,517,1,0.034816,0.034816,0.034816,0.034816
overlap_p2_d14,overlap,16,prefill_prepare,2,14,128,518,1,0.033664,0.033664,0.033664,0.033664
overlap_p2_d14,overlap,16,prefill_prepare,2,14,128,519,1,0.0344,0.0344,0.0344,0.0344
overlap_p2_d14,overlap,16,prefill_prepare,2,14,128,520,1,0.032768,0.032768,0.032768,0.032768
overlap_p2_d14,overlap,16,prefill_prepare,2,14,128,523,1,0.035872,0.035872,0.035872,0.035872
overlap_p2_d14,overlap,16,prefill_sample,2,0,128,0,2,0.023328,0.023328,0.0260928,0.0264
overlap_p2_d14,overlap,16,prefill_sample,2,2,128,512,1,0.02096,0.02096,0.02096,0.02096
overlap_p2_d14,overlap,16,prefill_sample,2,2,128,513,1,0.021376,0.021376,0.021376,0.021376
overlap_p2_d14,overlap,16,prefill_sample,2,4,128,512,1,0.02064,0.02064,0.02064,0.02064
overlap_p2_d14,overlap,16,prefill_sample,2,4,128,515,1,0.018272,0.018272,0.018272,0.018272
overlap_p2_d14,overlap,16,prefill_sample,2,4,128,520,2,0.01936,0.01936,0.019475199999999998,0.019488
overlap_p2_d14,overlap,16,prefill_sample,2,4,128,521,1,0.022304,0.022304,0.022304,0.022304
overlap_p2_d14,overlap,16,prefill_sample,2,4,128,525,1,0.024352,0.024352,0.024352,0.024352
overlap_p2_d14,overlap,16,prefill_sample,2,6,128,513,1,0.023616,0.023616,0.023616,0.023616
overlap_p2_d14,overlap,16,prefill_sample,2,6,128,515,1,0.01824,0.01824,0.01824,0.01824
overlap_p2_d14,overlap,16,prefill_sample,2,6,128,516,1,0.02336,0.02336,0.02336,0.02336
overlap_p2_d14,overlap,16,prefill_sample,2,6,128,519,1,0.023328,0.023328,0.023328,0.023328
overlap_p2_d14,overlap,16,prefill_sample,2,8,128,513,1,0.019232,0.019232,0.019232,0.019232
overlap_p2_d14,overlap,16,prefill_sample,2,8,128,515,1,0.019264,0.019264,0.019264,0.019264
overlap_p2_d14,overlap,16,prefill_sample,2,8,128,516,1,0.025376,0.025376,0.025376,0.025376
overlap_p2_d14,overlap,16,prefill_sample,2,10,128,514,1,0.02128,0.02128,0.02128,0.02128
overlap_p2_d14,overlap,16,prefill_sample,2,10,128,516,1,0.019232,0.019232,0.019232,0.019232
overlap_p2_d14,overlap,16,prefill_sample,2,10,128,521,1,0.018208,0.018208,0.018208,0.018208
overlap_p2_d14,overlap,16,prefill_sample,2,12,128,514,1,0.0256,0.0256,0.0256,0.0256
overlap_p2_d14,overlap,16,prefill_sample,2,12,128,516,1,0.018208,0.018208,0.018208,0.018208
overlap_p2_d14,overlap,16,prefill_sample,2,14,128,515,1,0.02336,0.02336,0.02336,0.02336
overlap_p2_d14,overlap,16,prefill_sample,2,14,128,518,1,0.023328,0.023328,0.023328,0.023328
overlap_p4_d12,overlap,16,decode_engine,0,4,0,526,1,7.417856,7.417856,7.417856,7.417856
overlap_p4_d12,overlap,16,decode_engine,0,8,0,521,1,14.722048,14.722048,14.722048,14.722048
overlap_p4_d12,overlap,16,decode_engine,0,8,0,522,1,14.640128,14.640128,14.640128,14.640128
overlap_p4_d12,overlap,16,decode_engine,0,8,0,523,1,14.642176,14.642176,14.642176,14.642176
overlap_p4_d12,overlap,16,decode_engine,0,8,0,524,1,14.642176,14.642176,14.642176,14.642176
overlap_p4_d12,overlap,16,decode_engine,0,8,0,525,1,14.64832,14.64832,14.64832,14.64832
overlap_p4_d12,overlap,16,decode_engine,0,12,0,513,2,15.365632,15.365632,15.3882112,15.39072
overlap_p4_d12,overlap,16,decode_engine,0,12,0,514,2,15.343104,15.343104,15.408998400000002,15.41632
overlap_p4_d12,overlap,16,decode_engine,0,12,0,515,2,15.127072,15.127072,15.2205856,15.230976
overlap_p4_d12,overlap,16,decode_engine,0,12,0,516,5,14.8973952,14.835712,15.0386688,15.043584
overlap_p4_d12,overlap,16,decode_engine,0,12,0,517,2,14.822576,14.822576,14.8918544,14.899552
overlap_p4_d12,overlap,16,decode_engine,0,12,0,518,4,14.944368,14.825472,15.3078272,15.38048
overlap_p4_d12,overlap,16,decode_engine,0,12,0,519,7,14.849650285714286,14.7712,15.092144,15.15728
overlap_p4_d12,overlap,16,decode_engine,0,12,0,520,2,14.755327999999999,14.755327999999999,14.7686912,14.770176
overlap_p4_d12,overlap,16,decode_engine,0,12,0,521,3,14.770517333333334,14.76096,14.8033536,14.808064
overlap_p4_d12,overlap,16,decode_engine,0,12,0,522,3,14.761749333333333,14.763008,14.7734336,14.774592
overlap_p4_d12,overlap,16,decode_engine,0,12,0,523,1,14.763328,14.763328,14.763328,14.763328
overlap_p4_d12,overlap,16,decode_engine,0,12,0,524,2,14.830079999999999,14.830079999999999,14.8996608,14.907392
overlap_p4_d12,overlap,16,decode_engine,0,12,0,525,1,14.747936,14.747936,14.747936,14.747936
overlap_p4_d12,overlap,16,decode_engine,4,4,128,512,2,37.6611835,37.6611835,56.15631264999999,58.211327
overlap_p4_d12,overlap,16,decode_engine,4,4,128,513,1,18.72896,18.72896,18.72896,18.72896
overlap_p4_d12,overlap,16,decode_engine,4,4,128,514,1,18.014208,18.014208,18.014208,18.014208
overlap_p4_d12,overlap,16,decode_engine,4,4,128,515,1,18.806784,18.806784,18.806784,18.806784
overlap_p4_d12,overlap,16,decode_engine,4,4,128,516,1,15.924224,15.924224,15.924224,15.924224
overlap_p4_d12,overlap,16,decode_engine,4,4,128,517,1,16.164864,16.164864,16.164864,16.164864
overlap_p4_d12,overlap,16,decode_engine,4,4,128,518,2,16.0640005,16.0640005,16.10132575,16.105473
overlap_p4_d12,overlap,16,decode_engine,4,4,128,519,2,16.507904,16.507904,17.343795200000002,17.436672
overlap_p4_d12,overlap,16,decode_engine,4,4,128,520,1,16.2304,16.2304,16.2304,16.2304
overlap_p4_d12,overlap,16,decode_engine,4,4,128,521,1,17.152,17.152,17.152,17.152
overlap_p4_d12,overlap,16,decode_engine,4,4,128,526,1,17.819649,17.819649,17.819649,17.819649
overlap_p4_d12,overlap,16,decode_engine,4,8,128,512,1,36.52813,36.52813,36.52813,36.52813
overlap_p4_d12,overlap,16,decode_engine,4,8,128,514,1,35.996674,35.996674,35.996674,35.996674
overlap_p4_d12,overlap,16,decode_engine,4,8,128,516,1,36.268032,36.268032,36.268032,36.268032
overlap_p4_d12,overlap,16,decode_engine,4,8,128,517,2,36.511232,36.511232,36.7540727,36.781055
overlap_p4_d12,overlap,16,decode_engine,4,8,128,518,1,37.562366,37.562366,37.562366,37.562366
overlap_p4_d12,overlap,16,decode_engine,4,8,128,519,1,36.016129,36.016129,36.016129,36.016129
overlap_p4_d12,overlap,16,decode_engine,4,8,128,520,1,35.667969,35.667969,35.667969,35.667969
overlap_p4_d12,overlap,16,decode_engine,4,8,128,521,1,35.996674,35.996674,35.996674,35.996674
overlap_p4_d12,overlap,16,decode_engine,4,8,128,525,1,35.810303,35.810303,35.810303,35.810303
overlap_p4_d12,overlap,16,decode_engine,4,12,128,513,1,38.400002,38.400002,38.400002,38.400002
overlap_p4_d12,overlap,16,decode_engine,4,12,128,516,1,37.23571,37.23571,37.23571,37.23571
overlap_p4_d12,overlap,16,decode_engine,4,12,128,518,1,36.438015,36.438015,36.438015,36.438015
overlap_p4_d12,overlap,16,decode_engine,4,12,128,519,1,37.228542,37.228542,37.228542,37.228542
overlap_p4_d12,overlap,16,decode_engine,4,12,128,520,1,36.965378,36.965378,36.965378,36.965378
overlap_p4_d12,overlap,16,decode_engine,4,12,128,521,1,36.9408,36.9408,36.9408,36.9408
overlap_p4_d12,overlap,16,decode_engine,4,12,128,522,1,36.433922,36.433922,36.433922,36.433922
overlap_p4_d12,overlap,16,decode_engine,4,12,128,523,1,37.011456,37.011456,37.011456,37.011456
overlap_p4_d12,overlap,16,decode_engine,4,12,128,525,1,37.83168,37.83168,37.83168,37.83168
overlap_p4_d12,overlap,16,decode_prepare,0,4,0,526,1,0.016384,0.016384,0.016384,0.016384
overlap_p4_d12,overlap,16,decode_prepare,0,8,0,521,1,0.016768,0.016768,0.016768,0.016768
overlap_p4_d12,overlap,16,decode_prepare,0,8,0,522,1,0.017312,0.017312,0.017312,0.017312
overlap_p4_d12,overlap,16,decode_prepare,0,8,0,523,1,0.018432,0.018432,0.018432,0.018432
overlap_p4_d12,overlap,16,decode_prepare,0,8,0,524,1,0.016384,0.016384,0.016384,0.016384
overlap_p4_d12,overlap,16,decode_prepare,0,8,0,525,1,0.016352,0.016352,0.016352,0.016352
overlap_p4_d12,overlap,16,decode_prepare,0,12,0,513,2,0.018432,0.018432,0.018432,0.018432
overlap_p4_d12,overlap,16,decode_prepare,0,12,0,514,2,0.01792,0.01792,0.0183808,0.018432
overlap_p4_d12,overlap,16,decode_prepare,0,12,0,515,2,0.020319999999999998,0.020319999999999998,0.0223072,0.022528
overlap_p4_d12,overlap,16,decode_prepare,0,12,0,516,5,0.0177536,0.017408,0.0183808,0.018432
overlap_p4_d12,overlap,16,decode_prepare,0,12,0,517,2,0.017776,0.017776,0.0181072,0.018144
overlap_p4_d12,overlap,16,decode_prepare,0,12,0,518,4,0.017648,0.017472,0.0182976,0.018432
overlap_p4_d12,overlap,16,decode_prepare,0,12,0,519,7,0.017453714285714288,0.017408,0.0180032,0.018176
overlap_p4_d12,overlap,16,decode_prepare,0,12,0,520,2,0.017248,0.017248,0.0173632,0.017376
overlap_p4_d12,overlap,16,decode_prepare,0,12,0,521,3,0.0176,0.017408,0.018128,0.018208
overlap_p4_d12,overlap,16,decode_prepare,0,12,0,522,3,0.01744,0.017408,0.0175232,0.017536
overlap_p4_d12,overlap,16,decode_prepare,0,12,0,523,1,0.01744,0.01744,0.01744,0.01744
overlap_p4_d12,overlap,16,decode_prepare,0,12,0,524,2,0.017296,0.017296,0.0173392,0.017344
overlap_p4_d12,overlap,16,decode_prepare,0,12,0,525,1,0.017408,0.017408,0.017408,0.017408
overlap_p4_d12,overlap,16,decode_prepare,4,4,128,512,2,0.049152,0.049152,0.050073599999999996,0.050176
overlap_p4_d12,overlap,16,decode_prepare,4,4,128,513,1,0.02048,0.02048,0.02048,0.02048
overlap_p4_d12,overlap,16,decode_prepare,4,4,128,514,1,0.012288,0.012288,0.012288,0.012288
overlap_p4_d12,overlap,16,decode_prepare,4,4,128,515,1,0.022528,0.022528,0.022528,0.022528
overlap_p4_d12,overlap,16,decode_prepare,4,4,128,516,1,0.017408,0.017408,0.017408,0.017408
overlap_p4_d12,overlap,16,decode_prepare,4,4,128,517,1,0.018432,0.018432,0.018432,0.018432
overlap_p4_d12,overlap,16,decode_prepare,4,4,128,518,2,0.015872,0.015872,0.0172544,0.017408
overlap_p4_d12,overlap,16,decode_prepare,4,4,128,519,2,0.022016,0.022016,0.0233984,0.023552
overlap_p4_d12,overlap,16,decode_prepare,4,4,128,520,1,0.03584,0.03584,0.03584,0.03584
overlap_p4_d12,overlap,16,decode_prepare,4,4,128,521,1,0.049152,0.049152,0.049152,0.049152
overlap_p4_d12,overlap,16,decode_prepare,4,4,128,526,1,0.019456,0.019456,0.019456,0.019456
overlap_p4_d12,overlap,16,decode_prepare,4,8,128,512,1,0.024576,0.024576,0.024576,0.024576
overlap_p4_d12,overlap,16,decode_prepare,4,8,128,514,1,0.0256,0.0256,0.0256,0.0256
overlap_p4_d12,overlap,16,decode_prepare,4,8,128,516,1,0.02048,0.02048,0.02048,0.02048
overlap_p4_d12,overlap,16,decode_prepare,4,8,128,517,2,0.024064000000000002,0.024064000000000002,0.0245248,0.024576
overlap_p4_d12,overlap,16,decode_prepare,4,8,128,518,1,0.022528,0.022528,0.022528,0.022528
overlap_p4_d12,overlap,16,decode_prepare,4,8,128,519,1,0.027648,0.027648,0.027648,0.027648
overlap_p4_d12,overlap,16,decode_prepare,4,8,128,520,1,0.017408,0.017408,0.017408,0.017408
overlap_p4_d12,overlap,16,decode_prepare,4,8,128,521,1,0.02048,0.02048,0.02048,0.02048
overlap_p4_d12,overlap,16,decode_prepare,4,8,128,525,1,0.024576,0.024576,0.024576,0.024576
overlap_p4_d12,overlap,16,decode_prepare,4,12,128,513,1,0.023552,0.023552,0.023552,0.023552
overlap_p4_d12,overlap,16,decode_prepare,4,12,128,516,1,0.019456,0.019456,0.019456,0.019456
overlap_p4_d12,overlap,16,decode_prepare,4,12,128,518,1,0.013312,0.013312,0.013312,0.013312
overlap_p4_d12,overlap,16,decode_prepare,4,12,128,519,1,0.013312,0.013312,0.013312,0.013312
overlap_p4_d12,overlap,16,decode_prepare,4,12,128,520,1,0.023552,0.023552,0.023552,0.023552
overlap_p4_d12,overlap,16,decode_prepare,4,12,128,521,1,0.027648,0.027648,0.027648,0.027648
overlap_p4_d12,overlap,16,decode_prepare,4,12,128,522,1,0.019456,0.019456,0.019456,0.019456
overlap_p4_d12,overlap,16,decode_prepare,4,12,128,523,1,0.098304,0.098304,0.098304,0.098304
overlap_p4_d12,overlap,16,decode_prepare,4,12,128,525,1,0.022528,0.022528,0.022528,0.022528
overlap_p4_d12,overlap,16,decode_sample,0,4,0,526,1,0.037248,0.037248,0.037248,0.037248
overlap_p4_d12,overlap,16,decode_sample,0,8,0,521,1,0.047392,0.047392,0.047392,0.047392
overlap_p4_d12,overlap,16,decode_sample,0,8,0,522,1,0.050464,0.050464,0.050464,0.050464
overlap_p4_d12,overlap,16,decode_sample,0,8,0,523,1,0.047776,0.047776,0.047776,0.047776
overlap_p4_d12,overlap,16,decode_sample,0,8,0,524,1,0.04944,0.04944,0.04944,0.04944
overlap_p4_d12,overlap,16,decode_sample,0,8,0,525,1,0.05968,0.05968,0.05968,0.05968
overlap_p4_d12,overlap,16,decode_sample,0,12,0,513,2,0.066624,0.066624,0.0675744,0.06768
overlap_p4_d12,overlap,16,decode_sample,0,12,0,514,2,0.069552,0.069552,0.0727632,0.07312
overlap_p4_d12,overlap,16,decode_sample,0,12,0,515,2,0.066464,0.066464,0.0678464,0.068
overlap_p4_d12,overlap,16,decode_sample,0,12,0,516,5,0.0671168,0.065952,0.0698432,0.070048
overlap_p4_d12,overlap,16,decode_sample,0,12,0,517,2,0.06967999999999999,0.06967999999999999,0.0730352,0.073408
overlap_p4_d12,overlap,16,decode_sample,0,12,0,518,4,0.068928,0.06820799999999999,0.0718528,0.072352
overlap_p4_d12,overlap,16,decode_sample,0,12,0,519,7,0.06827885714285714,0.068992,0.0707328,0.07104
overlap_p4_d12,overlap,16,decode_sample,0,12,0,520,2,0.070048,0.070048,0.0709696,0.071072
overlap_p4_d12,overlap,16,decode_sample,0,12,0,521,3,0.06674133333333333,0.066336,0.0678048,0.067968
overlap_p4_d12,overlap,16,decode_sample,0,12,0,522,3,0.06695466666666666,0.066976,0.06786879999999999,0.067968
overlap_p4_d12,overlap,16,decode_sample,0,12,0,523,1,0.071072,0.071072,0.071072,0.071072
overlap_p4_d12,overlap,16,decode_sample,0,12,0,524,2,0.07056000000000001,0.07056000000000001,0.072864,0.07312
overlap_p4_d12,overlap,16,decode_sample,0,12,0,525,1,0.072096,0.072096,0.072096,0.072096
overlap_p4_d12,overlap,16,decode_sample,4,4,128,512,2,0.117056,0.117056,0.19400959999999998,0.20256
overlap_p4_d12,overlap,16,decode_sample,4,4,128,513,1,0.04656,0.04656,0.04656,0.04656
overlap_p4_d12,overlap,16,decode_sample,4,4,128,514,1,0.052576,0.052576,0.052576,0.052576
overlap_p4_d12,overlap,16,decode_sample,4,4,128,515,1,0.042208,0.042208,0.042208,0.042208
overlap_p4_d12,overlap,16,decode_sample,4,4,128,516,1,0.041792,0.041792,0.041792,0.041792
overlap_p4_d12,overlap,16,decode_sample,4,4,128,517,1,0.041824,0.041824,0.041824,0.041824
overlap_p4_d12,overlap,16,decode_sample,4,4,128,518,2,0.049616,0.049616,0.050523200000000004,0.050624
overlap_p4_d12,overlap,16,decode_sample,4,4,128,519,2,0.13401600000000002,0.13401600000000002,0.1872096,0.19312
overlap_p4_d12,overlap,16,decode_sample,4,4,128,520,1,0.04688,0.04688,0.04688,0.04688
overlap_p4_d12,overlap,16,decode_sample,4,4,128,521,1,0.079712,0.079712,0.079712,0.079712
overlap_p4_d12,overlap,16,decode_sample,4,4,128,526,1,0.03424,0.03424,0.03424,0.03424
overlap_p4_d12,overlap,16,decode_sample,4,8,128,512,1,0.137312,0.137312,0.137312,0.137312
overlap_p4_d12,overlap,16,decode_sample,4,8,128,514,1,0.232064,0.232064,0.232064,0.232064
overlap_p4_d12,overlap,16,decode_sample,4,8,128,516,1,0.064832,0.064832,0.064832,0.064832
overlap_p4_d12,overlap,16,decode_sample,4,8,128,517,2,0.181728,0.181728,0.2165184,0.220384
overlap_p4_d12,overlap,16,decode_sample,4,8,128,518,1,0.061216,0.061216,0.061216,0.061216
overlap_p4_d12,overlap,16,decode_sample,4,8,128,519,1,0.068928,0.068928,0.068928,0.068928
overlap_p4_d12,overlap,16,decode_sample,4,8,128,520,1,0.069952,0.069952,0.069952,0.069952
overlap_p4_d12,overlap,16,decode_sample,4,8,128,521,1,0.220896,0.220896,0.220896,0.220896
overlap_p4_d12,overlap,16,decode_sample,4,8,128,525,1,0.07648,0.07648,0.07648,0.07648
overlap_p4_d12,overlap,16,decode_sample,4,12,128,513,1,0.148544,0.148544,0.148544,0.148544
overlap_p4_d12,overlap,16,decode_sample,4,12,128,516,1,0.230688,0.230688,0.230688,0.230688
overlap_p4_d12,overlap,16,decode_sample,4,12,128,518,1,0.068064,0.068064,0.068064,0.068064
overlap_p4_d12,overlap,16,decode_sample,4,12,128,519,1,0.153024,0.153024,0.153024,0.153024
overlap_p4_d12,overlap,16,decode_sample,4,12,128,520,1,0.142816,0.142816,0.142816,0.142816
overlap_p4_d12,overlap,16,decode_sample,4,12,128,521,1,0.088896,0.088896,0.088896,0.088896
overlap_p4_d12,overlap,16,decode_sample,4,12,128,522,1,0.073184,0.073184,0.073184,0.073184
overlap_p4_d12,overlap,16,decode_sample,4,12,128,523,1,0.153024,0.153024,0.153024,0.153024
overlap_p4_d12,overlap,16,decode_sample,4,12,128,525,1,0.082368,0.082368,0.082368,0.082368
overlap_p4_d12,overlap,16,prefill_cache_commit,1,0,128,0,1,0.003072,0.003072,0.003072,0.003072
overlap_p4_d12,overlap,16,prefill_cache_commit,3,0,128,0,1,0.003072,0.003072,0.003072,0.003072
overlap_p4_d12,overlap,16,prefill_cache_commit,4,0,128,0,14,0.0035908571428571426,0.003616,0.004096,0.004096
overlap_p4_d12,overlap,16,prefill_cache_commit,4,4,128,512,2,0.004608,0.004608,0.0050688,0.00512
overlap_p4_d12,overlap,16,prefill_cache_commit,4,4,128,513,1,0.004096,0.004096,0.004096,0.004096
overlap_p4_d12,overlap,16,prefill_cache_commit,4,4,128,514,1,0.003072,0.003072,0.003072,0.003072
overlap_p4_d12,overlap,16,prefill_cache_commit,4,4,128,515,1,0.003072,0.003072,0.003072,0.003072
overlap_p4_d12,overlap,16,prefill_cache_commit,4,4,128,516,1,0.004096,0.004096,0.004096,0.004096
overlap_p4_d12,overlap,16,prefill_cache_commit,4,4,128,517,1,0.004096,0.004096,0.004096,0.004096
overlap_p4_d12,overlap,16,prefill_cache_commit,4,4,128,518,2,0.004096,0.004096,0.004096,0.004096
overlap_p4_d12,overlap,16,prefill_cache_commit,4,4,128,519,2,0.003072,0.003072,0.003072,0.003072
overlap_p4_d12,overlap,16,prefill_cache_commit,4,4,128,520,1,0.004096,0.004096,0.004096,0.004096
overlap_p4_d12,overlap,16,prefill_cache_commit,4,4,128,521,1,0.004096,0.004096,0.004096,0.004096
overlap_p4_d12,overlap,16,prefill_cache_commit,4,4,128,526,1,0.003072,0.003072,0.003072,0.003072
overlap_p4_d12,overlap,16,prefill_cache_commit,4,8,128,512,1,0.004096,0.004096,0.004096,0.004096
overlap_p4_d12,overlap,16,prefill_cache_commit,4,8,128,514,1,0.004096,0.004096,0.004096,0.004096
overlap_p4_d12,overlap,16,prefill_cache_commit,4,8,128,516,1,0.003072,0.003072,0.003072,0.003072
overlap_p4_d12,overlap,16,prefill_cache_commit,4,8,128,517,2,0.003584,0.003584,0.0040447999999999994,0.004096
overlap_p4_d12,overlap,16,prefill_cache_commit,4,8,128,518,1,0.003072,0.003072,0.003072,0.003072
overlap_p4_d12,overlap,16,prefill_cache_commit,4,8,128,519,1,0.004096,0.004096,0.004096,0.004096
overlap_p4_d12,overlap,16,prefill_cache_commit,4,8,128,520,1,0.003072,0.003072,0.003072,0.003072
overlap_p4_d12,overlap,16,prefill_cache_commit,4,8,128,521,1,0.003072,0.003072,0.003072,0.003072
overlap_p4_d12,overlap,16,prefill_cache_commit,4,8,128,525,1,0.004096,0.004096,0.004096,0.004096
overlap_p4_d12,overlap,16,prefill_cache_commit,4,12,128,513,1,0.004096,0.004096,0.004096,0.004096
overlap_p4_d12,overlap,16,prefill_cache_commit,4,12,128,516,1,0.004096,0.004096,0.004096,0.004096
overlap_p4_d12,overlap,16,prefill_cache_commit,4,12,128,518,1,0.003072,0.003072,0.003072,0.003072
overlap_p4_d12,overlap,16,prefill_cache_commit,4,12,128,519,1,0.004096,0.004096,0.004096,0.004096
overlap_p4_d12,overlap,16,prefill_cache_commit,4,12,128,520,1,0.003072,0.003072,0.003072,0.003072
overlap_p4_d12,overlap,16,prefill_cache_commit,4,12,128,521,1,0.004096,0.004096,0.004096,0.004096
overlap_p4_d12,overlap,16,prefill_cache_commit,4,12,128,522,1,0.004096,0.004096,0.004096,0.004096
overlap_p4_d12,overlap,16,prefill_cache_commit,4,12,128,523,1,0.003296,0.003296,0.003296,0.003296
overlap_p4_d12,overlap,16,prefill_cache_commit,4,12,128,525,1,0.004096,0.004096,0.004096,0.004096
overlap_p4_d12,overlap,16,prefill_engine,1,0,128,0,1,18.484224,18.484224,18.484224,18.484224
overlap_p4_d12,overlap,16,prefill_engine,3,0,128,0,1,35.424255,35.424255,35.424255,35.424255
overlap_p4_d12,overlap,16,prefill_engine,4,0,128,0,14,48.43377842857143,48.2785285,56.043571899999996,56.351746
overlap_p4_d12,overlap,16,prefill_engine,4,4,128,512,2,49.8616315,49.8616315,55.20691105,55.800831
overlap_p4_d12,overlap,16,prefill_engine,4,4,128,513,1,51.326977,51.326977,51.326977,51.326977
overlap_p4_d12,overlap,16,prefill_engine,4,4,128,514,1,44.020737,44.020737,44.020737,44.020737
overlap_p4_d12,overlap,16,prefill_engine,4,4,128,515,1,51.461121,51.461121,51.461121,51.461121
overlap_p4_d12,overlap,16,prefill_engine,4,4,128,516,1,54.717442,54.717442,54.717442,54.717442
overlap_p4_d12,overlap,16,prefill_engine,4,4,128,517,1,50.867455,50.867455,50.867455,50.867455
overlap_p4_d12,overlap,16,prefill_engine,4,4,128,518,2,54.913536,54.913536,55.0494711,55.064575
overlap_p4_d12,overlap,16,prefill_engine,4,4,128,519,2,51.192833,51.192833,57.717761,58.442753
overlap_p4_d12,overlap,16,prefill_engine,4,4,128,520,1,44.637184,44.637184,44.637184,44.637184
overlap_p4_d12,overlap,16,prefill_engine,4,4,128,521,1,59.088898,59.088898,59.088898,59.088898
overlap_p4_d12,overlap,16,prefill_engine,4,4,128,526,1,44.029953,44.029953,44.029953,44.029953
overlap_p4_d12,overlap,16,prefill_engine,4,8,128,512,1,58.425343,58.425343,58.425343,58.425343
overlap_p4_d12,overlap,16,prefill_engine,4,8,128,514,1,58.821697,58.821697,58.821697,58.821697
overlap_p4_d12,overlap,16,prefill_engine,4,8,128,516,1,54.760448,54.760448,54.760448,54.760448
overlap_p4_d12,overlap,16,prefill_engine,4,8,128,517,2,55.1374225,55.1374225,58.65253405,59.043102
overlap_p4_d12,overlap,16,prefill_engine,4,8,128,518,1,51.354626,51.354626,51.354626,51.354626
overlap_p4_d12,overlap,16,prefill_engine,4,8,128,519,1,55.482689,55.482689,55.482689,55.482689
overlap_p4_d12,overlap,16,prefill_engine,4,8,128,520,1,55.076862,55.076862,55.076862,55.076862
overlap_p4_d12,overlap,16,prefill_engine,4,8,128,521,1,58.909695,58.909695,58.909695,58.909695
overlap_p4_d12,overlap,16,prefill_engine,4,8,128,525,1,55.300095,55.300095,55.300095,55.300095
overlap_p4_d12,overlap,16,prefill_engine,4,12,128,513,1,59.038719,59.038719,59.038719,59.038719
overlap_p4_d12,overlap,16,prefill_engine,4,12,128,516,1,58.905602,58.905602,58.905602,58.905602
overlap_p4_d12,overlap,16,prefill_engine,4,12,128,518,1,42.219521,42.219521,42.219521,42.219521
overlap_p4_d12,overlap,16,prefill_engine,4,12,128,519,1,52.44928,52.44928,52.44928,52.44928
overlap_p4_d12,overlap,16,prefill_engine,4,12,128,520,1,55.385536,55.385536,55.385536,55.385536
overlap_p4_d12,overlap,16,prefill_engine,4,12,128,521,1,59.131905,59.131905,59.131905,59.131905
overlap_p4_d12,overlap,16,prefill_engine,4,12,128,522,1,42.179585,42.179585,42.179585,42.179585
overlap_p4_d12,overlap,16,prefill_engine,4,12,128,523,1,52.358143,52.358143,52.358143,52.358143
overlap_p4_d12,overlap,16,prefill_engine,4,12,128,525,1,51.658848,51.658848,51.658848,51.658848
overlap_p4_d12,overlap,16,prefill_prepare,1,0,128,0,1,0.077824,0.077824,0.077824,0.077824
overlap_p4_d12,overlap,16,prefill_prepare,3,0,128,0,1,0.03968,0.03968,0.03968,0.03968
overlap_p4_d12,overlap,16,prefill_prepare,4,0,128,0,14,0.047750857142857144,0.047631999999999994,0.049152,0.049152
overlap_p4_d12,overlap,16,prefill_prepare,4,4,128,512,2,0.047535999999999995,0.047535999999999995,0.0479248,0.047968
overlap_p4_d12,overlap,16,prefill_prepare,4,4,128,513,1,0.049152,0.049152,0.049152,0.049152
overlap_p4_d12,overlap,16,prefill_prepare,4,4,128,514,1,0.04896,0.04896,0.04896,0.04896
overlap_p4_d12,overlap,16,prefill_prepare,4,4,128,515,1,0.049376,0.049376,0.049376,0.049376
overlap_p4_d12,overlap,16,prefill_prepare,4,4,128,516,1,0.04896,0.04896,0.04896,0.04896
overlap_p4_d12,overlap,16,prefill_prepare,4,4,128,517,1,0.048128,0.048128,0.048128,0.048128
overlap_p4_d12,overlap,16,prefill_prepare,4,4,128,518,2,0.049152,0.049152,0.050073599999999996,0.050176
overlap_p4_d12,overlap,16,prefill_prepare,4,4,128,519,2,0.048464,0.048464,0.0487664,0.0488
overlap_p4_d12,overlap,16,prefill_prepare,4,4,128,520,1,0.050112,0.050112,0.050112,0.050112
overlap_p4_d12,overlap,16,prefill_prepare,4,4,128,521,1,0.050176,0.050176,0.050176,0.050176
overlap_p4_d12,overlap,16,prefill_prepare,4,4,128,526,1,0.05184,0.05184,0.05184,0.05184
overlap_p4_d12,overlap,16,prefill_prepare,4,8,128,512,1,0.04768,0.04768,0.04768,0.04768
overlap_p4_d12,overlap,16,prefill_prepare,4,8,128,514,1,0.047104,0.047104,0.047104,0.047104
overlap_p4_d12,overlap,16,prefill_prepare,4,8,128,516,1,0.047808,0.047808,0.047808,0.047808
overlap_p4_d12,overlap,16,prefill_prepare,4,8,128,517,2,0.049344,0.049344,0.049776,0.049824
overlap_p4_d12,overlap,16,prefill_prepare,4,8,128,518,1,0.050176,0.050176,0.050176,0.050176
overlap_p4_d12,overlap,16,prefill_prepare,4,8,128,519,1,0.047936,0.047936,0.047936,0.047936
overlap_p4_d12,overlap,16,prefill_prepare,4,8,128,520,1,0.048128,0.048128,0.048128,0.048128
overlap_p4_d12,overlap,16,prefill_prepare,4,8,128,521,1,0.048896,0.048896,0.048896,0.048896
overlap_p4_d12,overlap,16,prefill_prepare,4,8,128,525,1,0.048128,0.048128,0.048128,0.048128
overlap_p4_d12,overlap,16,prefill_prepare,4,12,128,513,1,0.048384,0.048384,0.048384,0.048384
overlap_p4_d12,overlap,16,prefill_prepare,4,12,128,516,1,0.047104,0.047104,0.047104,0.047104
overlap_p4_d12,overlap,16,prefill_prepare,4,12,128,518,1,0.04608,0.04608,0.04608,0.04608
overlap_p4_d12,overlap,16,prefill_prepare,4,12,128,519,1,0.047488,0.047488,0.047488,0.047488
overlap_p4_d12,overlap,16,prefill_prepare,4,12,128,520,1,0.048128,0.048128,0.048128,0.048128
overlap_p4_d12,overlap,16,prefill_prepare,4,12,128,521,1,0.048768,0.048768,0.048768,0.048768
overlap_p4_d12,overlap,16,prefill_prepare,4,12,128,522,1,0.046624,0.046624,0.046624,0.046624
overlap_p4_d12,overlap,16,prefill_prepare,4,12,128,523,1,0.048128,0.048128,0.048128,0.048128
overlap_p4_d12,overlap,16,prefill_prepare,4,12,128,525,1,0.04976,0.04976,0.04976,0.04976
overlap_p4_d12,overlap,16,prefill_sample,4,0,128,0,2,0.038720000000000004,0.038720000000000004,0.0414848,0.041792
overlap_p4_d12,overlap,16,prefill_sample,4,4,128,512,1,0.031264,0.031264,0.031264,0.031264
overlap_p4_d12,overlap,16,prefill_sample,4,4,128,519,1,0.035648,0.035648,0.035648,0.035648
overlap_p4_d12,overlap,16,prefill_sample,4,4,128,521,1,0.0336,0.0336,0.0336,0.0336
overlap_p4_d12,overlap,16,prefill_sample,4,8,128,512,1,0.031552,0.031552,0.031552,0.031552
overlap_p4_d12,overlap,16,prefill_sample,4,8,128,514,1,0.034624,0.034624,0.034624,0.034624
overlap_p4_d12,overlap,16,prefill_sample,4,8,128,517,1,0.035648,0.035648,0.035648,0.035648
overlap_p4_d12,overlap,16,prefill_sample,4,8,128,521,1,0.0336,0.0336,0.0336,0.0336
overlap_p4_d12,overlap,16,prefill_sample,4,12,128,513,1,0.031552,0.031552,0.031552,0.031552
overlap_p4_d12,overlap,16,prefill_sample,4,12,128,516,1,0.030784,0.030784,0.030784,0.030784
overlap_p4_d12,overlap,16,prefill_sample,4,12,128,521,1,0.034624,0.034624,0.034624,0.034624
overlap_p6_d10,overlap,16,decode_engine,0,2,0,526,1,7.20384,7.20384,7.20384,7.20384
overlap_p6_d10,overlap,16,decode_engine,0,8,0,525,1,14.820352,14.820352,14.820352,14.820352
overlap_p6_d10,overlap,16,decode_engine,0,10,0,512,1,15.29856,15.29856,15.29856,15.29856
overlap_p6_d10,overlap,16,decode_engine,0,10,0,513,2,15.332352,15.332352,15.6392448,15.673344
overlap_p6_d10,overlap,16,decode_engine,0,10,0,514,4,14.929960000000001,14.907904,15.0907392,15.117312
overlap_p6_d10,overlap,16,decode_engine,0,10,0,515,4,15.004415999999999,14.784512,15.6039168,15.737856
overlap_p6_d10,overlap,16,decode_engine,0,10,0,516,3,14.817621333333333,14.809088,14.9141504,14.925824
overlap_p6_d10,overlap,16,decode_engine,0,10,0,517,5,14.8650688,14.819328,15.125983999999999,15.19104
overlap_p6_d10,overlap,16,decode_engine,0,10,0,518,6,14.813621333333334,14.821888,14.863112,14.873952
overlap_p6_d10,overlap,16,decode_engine,0,10,0,519,7,14.915305142857143,14.830688,15.3207808,15.453184
overlap_p6_d10,overlap,16,decode_engine,0,10,0,520,4,14.764544,14.75328,14.837247999999999,14.844928
overlap_p6_d10,overlap,16,decode_engine,0,10,0,521,5,14.874976,14.795968,15.1561152,15.238464
overlap_p6_d10,overlap,16,decode_engine,0,10,0,522,5,14.8258816,14.802944,15.020032,15.067136
overlap_p6_d10,overlap,16,decode_engine,0,10,0,523,2,14.757376,14.757376,14.7937792,14.797824
overlap_p6_d10,overlap,16,decode_engine,0,10,0,524,3,14.749013333333334,14.722048,14.804992,14.814208
overlap_p6_d10,overlap,16,decode_engine,0,10,0,525,2,14.749728000000001,14.749728000000001,14.7949152,14.799936
overlap_p6_d10,overlap,16,decode_engine,2,10,128,513,1,23.354368,23.354368,23.354368,23.354368
overlap_p6_d10,overlap,16,decode_engine,2,10,128,520,1,22.52816,22.52816,22.52816,22.52816
overlap_p6_d10,overlap,16,decode_engine,2,10,128,521,1,22.429695,22.429695,22.429695,22.429695
overlap_p6_d10,overlap,16,decode_engine,2,10,128,523,1,24.083456,24.083456,24.083456,24.083456
overlap_p6_d10,overlap,16,decode_engine,4,6,128,516,1,19.713024,19.713024,19.713024,19.713024
overlap_p6_d10,overlap,16,decode_engine,4,6,128,526,1,55.283104,55.283104,55.283104,55.283104
overlap_p6_d10,overlap,16,decode_engine,4,10,128,513,1,37.733376,37.733376,37.733376,37.733376
overlap_p6_d10,overlap,16,decode_engine,4,10,128,520,1,40.425472,40.425472,40.425472,40.425472
overlap_p6_d10,overlap,16,decode_engine,4,10,128,521,1,37.364735,37.364735,37.364735,37.364735
overlap_p6_d10,overlap,16,decode_engine,4,10,128,522,1,37.302273,37.302273,37.302273,37.302273
overlap_p6_d10,overlap,16,decode_engine,4,10,128,525,1,38.214657,38.214657,38.214657,38.214657
overlap_p6_d10,overlap,16,decode_engine,6,4,128,512,2,53.5030695,53.5030695,81.56771775,84.686012
overlap_p6_d10,overlap,16,decode_engine,6,4,128,513,1,20.219904,20.219904,20.219904,20.219904
overlap_p6_d10,overlap,16,decode_engine,6,4,128,514,1,22.004736,22.004736,22.004736,22.004736
overlap_p6_d10,overlap,16,decode_engine,6,4,128,515,1,21.358591,21.358591,21.358591,21.358591
overlap_p6_d10,overlap,16,decode_engine,6,4,128,516,1,21.992449,21.992449,21.992449,21.992449
overlap_p6_d10,overlap,16,decode_engine,6,4,128,517,1,21.05344,21.05344,21.05344,21.05344
overlap_p6_d10,overlap,16,decode_engine,6,6,128,514,1,24.897535,24.897535,24.897535,24.897535
overlap_p6_d10,overlap,16,decode_engine,6,6,128,515,1,27.01824,27.01824,27.01824,27.01824
overlap_p6_d10,overlap,16,decode_engine,6,6,128,517,1,23.529472,23.529472,23.529472,23.529472
overlap_p6_d10,overlap,16,decode_engine,6,6,128,518,1,23.503872,23.503872,23.503872,23.503872
overlap_p6_d10,overlap,16,decode_engine,6,6,128,519,1,26.754047,26.754047,26.754047,26.754047
overlap_p6_d10,overlap,16,decode_engine,6,10,128,512,1,43.529217,43.529217,43.529217,43.529217
overlap_p6_d10,overlap,16,decode_engine,6,10,128,517,1,45.622272,45.622272,45.622272,45.622272
overlap_p6_d10,overlap,16,decode_prepare,0,2,0,526,1,0.01536,0.01536,0.01536,0.01536
overlap_p6_d10,overlap,16,decode_prepare,0,8,0,525,1,0.017248,0.017248,0.017248,0.017248
overlap_p6_d10,overlap,16,decode_prepare,0,10,0,512,1,0.017664,0.017664,0.017664,0.017664
overlap_p6_d10,overlap,16,decode_prepare,0,10,0,513,2,0.018624,0.018624,0.020064,0.020224
overlap_p6_d10,overlap,16,decode_prepare,0,10,0,514,4,0.023272,0.017728,0.03719679999999999,0.040576
overlap_p6_d10,overlap,16,decode_prepare,0,10,0,515,4,0.017320000000000002,0.017232,0.0182784,0.018432
overlap_p6_d10,overlap,16,decode_prepare,0,10,0,516,3,0.016949333333333334,0.017056,0.0173728,0.017408
overlap_p6_d10,overlap,16,decode_prepare,0,10,0,517,5,0.017504,0.017408,0.018310399999999998,0.018368
overlap_p6_d10,overlap,16,decode_prepare,0,10,0,518,6,0.017973333333333334,0.017824,0.019416,0.019552
overlap_p6_d10,overlap,16,decode_prepare,0,10,0,519,7,0.018052571428571428,0.017344,0.021299199999999997,0.022528
overlap_p6_d10,overlap,16,decode_prepare,0,10,0,520,4,0.016952000000000002,0.01672,0.0178448,0.017984
overlap_p6_d10,overlap,16,decode_prepare,0,10,0,521,5,0.0176576,0.017408,0.0189568,0.019168
overlap_p6_d10,overlap,16,decode_prepare,0,10,0,522,5,0.0172032,0.016544,0.0184,0.018432
overlap_p6_d10,overlap,16,decode_prepare,0,10,0,523,2,0.01696,0.01696,0.0175072,0.017568
overlap_p6_d10,overlap,16,decode_prepare,0,10,0,524,3,0.016757333333333332,0.016928,0.016956799999999998,0.01696
overlap_p6_d10,overlap,16,decode_prepare,0,10,0,525,2,0.016896,0.016896,0.0173568,0.017408
overlap_p6_d10,overlap,16,decode_prepare,2,10,128,513,1,0.03584,0.03584,0.03584,0.03584
overlap_p6_d10,overlap,16,decode_prepare,2,10,128,520,1,0.028672,0.028672,0.028672,0.028672
overlap_p6_d10,overlap,16,decode_prepare,2,10,128,521,1,0.012288,0.012288,0.012288,0.012288
overlap_p6_d10,overlap,16,decode_prepare,2,10,128,523,1,0.021504,0.021504,0.021504,0.021504
overlap_p6_d10,overlap,16,decode_prepare,4,6,128,516,1,0.019456,0.019456,0.019456,0.019456
overlap_p6_d10,overlap,16,decode_prepare,4,6,128,526,1,0.018432,0.018432,0.018432,0.018432
overlap_p6_d10,overlap,16,decode_prepare,4,10,128,513,1,0.016384,0.016384,0.016384,0.016384
overlap_p6_d10,overlap,16,decode_prepare,4,10,128,520,1,0.019456,0.019456,0.019456,0.019456
overlap_p6_d10,overlap,16,decode_prepare,4,10,128,521,1,0.024576,0.024576,0.024576,0.024576
overlap_p6_d10,overlap,16,decode_prepare,4,10,128,522,1,0.027648,0.027648,0.027648,0.027648
overlap_p6_d10,overlap,16,decode_prepare,4,10,128,525,1,0.012288,0.012288,0.012288,0.012288
overlap_p6_d10,overlap,16,decode_prepare,6,4,128,512,2,0.031744,0.031744,0.043724799999999994,0.045056
overlap_p6_d10,overlap,16,decode_prepare,6,4,128,513,1,0.016384,0.016384,0.016384,0.016384
overlap_p6_d10,overlap,16,decode_prepare,6,4,128,514,1,0.01536,0.01536,0.01536,0.01536
overlap_p6_d10,overlap,16,decode_prepare,6,4,128,515,1,0.011264,0.011264,0.011264,0.011264
overlap_p6_d10,overlap,16,decode_prepare,6,4,128,516,1,0.011264,0.011264,0.011264,0.011264
overlap_p6_d10,overlap,16,decode_prepare,6,4,128,517,1,0.014336,0.014336,0.014336,0.014336
overlap_p6_d10,overlap,16,decode_prepare,6,6,128,514,1,0.044032,0.044032,0.044032,0.044032
overlap_p6_d10,overlap,16,decode_prepare,6,6,128,515,1,0.036864,0.036864,0.036864,0.036864
overlap_p6_d10,overlap,16,decode_prepare,6,6,128,517,1,0.013312,0.013312,0.013312,0.013312
overlap_p6_d10,overlap,16,decode_prepare,6,6,128,518,1,0.0288,0.0288,0.0288,0.0288
overlap_p6_d10,overlap,16,decode_prepare,6,6,128,519,1,0.017408,0.017408,0.017408,0.017408
overlap_p6_d10,overlap,16,decode_prepare,6,10,128,512,1,0.019456,0.019456,0.019456,0.019456
overlap_p6_d10,overlap,16,decode_prepare,6,10,128,517,1,0.019456,0.019456,0.019456,0.019456
overlap_p6_d10,overlap,16,decode_sample,0,2,0,526,1,0.020928,0.020928,0.020928,0.020928
overlap_p6_d10,overlap,16,decode_sample,0,8,0,525,1,0.04944,0.04944,0.04944,0.04944
overlap_p6_d10,overlap,16,decode_sample,0,10,0,512,1,0.060864,0.060864,0.060864,0.060864
overlap_p6_d10,overlap,16,decode_sample,0,10,0,513,2,0.060432,0.060432,0.060792,0.060832
overlap_p6_d10,overlap,16,decode_sample,0,10,0,514,4,0.059808,0.06032,0.0617024,0.061856
overlap_p6_d10,overlap,16,decode_sample,0,10,0,515,4,0.057992,0.058272000000000004,0.0594096,0.05952
overlap_p6_d10,overlap,16,decode_sample,0,10,0,516,3,0.05824,0.05776,0.0596032,0.059808
overlap_p6_d10,overlap,16,decode_sample,0,10,0,517,5,0.0602112,0.059808,0.0626752,0.06288
overlap_p6_d10,overlap,16,decode_sample,0,10,0,518,6,0.060176,0.060816,0.06288,0.06288
overlap_p6_d10,overlap,16,decode_sample,0,10,0,519,7,0.06142171428571429,0.061856,0.0636064,0.063904
overlap_p6_d10,overlap,16,decode_sample,0,10,0,520,4,0.060312000000000004,0.060815999999999995,0.0625728,0.06288
overlap_p6_d10,overlap,16,decode_sample,0,10,0,521,5,0.0588288,0.056736,0.0634944,0.063904
overlap_p6_d10,overlap,16,decode_sample,0,10,0,522,5,0.061446400000000005,0.061856,0.06288,0.06288
overlap_p6_d10,overlap,16,decode_sample,0,10,0,523,2,0.057968,0.057968,0.0581552,0.058176
overlap_p6_d10,overlap,16,decode_sample,0,10,0,524,3,0.058848,0.059808,0.0616512,0.061856
overlap_p6_d10,overlap,16,decode_sample,0,10,0,525,2,0.060832,0.060832,0.06359680000000001,0.063904
overlap_p6_d10,overlap,16,decode_sample,2,10,128,513,1,0.07088,0.07088,0.07088,0.07088
overlap_p6_d10,overlap,16,decode_sample,2,10,128,520,1,0.05632,0.05632,0.05632,0.05632
overlap_p6_d10,overlap,16,decode_sample,2,10,128,521,1,0.12688,0.12688,0.12688,0.12688
overlap_p6_d10,overlap,16,decode_sample,2,10,128,523,1,0.05776,0.05776,0.05776,0.05776
overlap_p6_d10,overlap,16,decode_sample,4,6,128,516,1,0.057792,0.057792,0.057792,0.057792
overlap_p6_d10,overlap,16,decode_sample,4,6,128,526,1,0.041408,0.041408,0.041408,0.041408
overlap_p6_d10,overlap,16,decode_sample,4,10,128,513,1,0.247008,0.247008,0.247008,0.247008
overlap_p6_d10,overlap,16,decode_sample,4,10,128,520,1,0.202976,0.202976,0.202976,0.202976
overlap_p6_d10,overlap,16,decode_sample,4,10,128,521,1,0.106336,0.106336,0.106336,0.106336
overlap_p6_d10,overlap,16,decode_sample,4,10,128,522,1,0.150368,0.150368,0.150368,0.150368
overlap_p6_d10,overlap,16,decode_sample,4,10,128,525,1,0.149344,0.149344,0.149344,0.149344
overlap_p6_d10,overlap,16,decode_sample,6,4,128,512,2,0.045728000000000005,0.045728000000000005,0.0547424,0.055744
overlap_p6_d10,overlap,16,decode_sample,6,4,128,513,1,0.037312,0.037312,0.037312,0.037312
overlap_p6_d10,overlap,16,decode_sample,6,4,128,514,1,0.240608,0.240608,0.240608,0.240608
overlap_p6_d10,overlap,16,decode_sample,6,4,128,515,1,0.048512,0.048512,0.048512,0.048512
overlap_p6_d10,overlap,16,decode_sample,6,4,128,516,1,0.037376,0.037376,0.037376,0.037376
overlap_p6_d10,overlap,16,decode_sample,6,4,128,517,1,0.043488,0.043488,0.043488,0.043488
overlap_p6_d10,overlap,16,decode_sample,6,6,128,514,1,0.144384,0.144384,0.144384,0.144384
overlap_p6_d10,overlap,16,decode_sample,6,6,128,515,1,0.060288,0.060288,0.060288,0.060288
overlap_p6_d10,overlap,16,decode_sample,6,6,128,517,1,0.272832,0.272832,0.272832,0.272832
overlap_p6_d10,overlap,16,decode_sample,6,6,128,518,1,0.174528,0.174528,0.174528,0.174528
overlap_p6_d10,overlap,16,decode_sample,6,6,128,519,1,0.058272,0.058272,0.058272,0.058272
overlap_p6_d10,overlap,16,decode_sample,6,10,128,512,1,0.283488,0.283488,0.283488,0.283488
overlap_p6_d10,overlap,16,decode_sample,6,10,128,517,1,0.146496,0.146496,0.146496,0.146496
overlap_p6_d10,overlap,16,prefill_cache_commit,1,0,128,0,1,0.003072,0.003072,0.003072,0.003072
overlap_p6_d10,overlap,16,prefill_cache_commit,2,10,128,513,1,0.004096,0.004096,0.004096,0.004096
overlap_p6_d10,overlap,16,prefill_cache_commit,2,10,128,520,1,0.003072,0.003072,0.003072,0.003072
overlap_p6_d10,overlap,16,prefill_cache_commit,2,10,128,521,1,0.003072,0.003072,0.003072,0.003072
overlap_p6_d10,overlap,16,prefill_cache_commit,2,10,128,523,1,0.003072,0.003072,0.003072,0.003072
overlap_p6_d10,overlap,16,prefill_cache_commit,3,0,128,0,1,0.003072,0.003072,0.003072,0.003072
overlap_p6_d10,overlap,16,prefill_cache_commit,4,0,128,0,2,0.003584,0.003584,0.0040447999999999994,0.004096
overlap_p6_d10,overlap,16,prefill_cache_commit,4,6,128,516,1,0.004096,0.004096,0.004096,0.004096
overlap_p6_d10,overlap,16,prefill_cache_commit,4,6,128,526,1,0.00512,0.00512,0.00512,0.00512
overlap_p6_d10,overlap,16,prefill_cache_commit,4,10,128,513,1,0.003072,0.003072,0.003072,0.003072
overlap_p6_d10,overlap,16,prefill_cache_commit,4,10,128,520,1,0.003072,0.003072,0.003072,0.003072
overlap_p6_d10,overlap,16,prefill_cache_commit,4,10,128,521,1,0.003072,0.003072,0.003072,0.003072
overlap_p6_d10,overlap,16,prefill_cache_commit,4,10,128,522,1,0.003072,0.003072,0.003072,0.003072
overlap_p6_d10,overlap,16,prefill_cache_commit,4,10,128,525,1,0.003072,0.003072,0.003072,0.003072
overlap_p6_d10,overlap,16,prefill_cache_commit,6,0,128,0,10,0.0038912,0.004096,0.004096,0.004096
overlap_p6_d10,overlap,16,prefill_cache_commit,6,4,128,512,2,0.004608,0.004608,0.0050688,0.00512
overlap_p6_d10,overlap,16,prefill_cache_commit,6,4,128,513,1,0.00352,0.00352,0.00352,0.00352
overlap_p6_d10,overlap,16,prefill_cache_commit,6,4,128,514,1,0.004096,0.004096,0.004096,0.004096
overlap_p6_d10,overlap,16,prefill_cache_commit,6,4,128,515,1,0.004096,0.004096,0.004096,0.004096
overlap_p6_d10,overlap,16,prefill_cache_commit,6,4,128,516,1,0.004096,0.004096,0.004096,0.004096
overlap_p6_d10,overlap,16,prefill_cache_commit,6,4,128,517,1,0.003072,0.003072,0.003072,0.003072
overlap_p6_d10,overlap,16,prefill_cache_commit,6,6,128,514,1,0.003072,0.003072,0.003072,0.003072
overlap_p6_d10,overlap,16,prefill_cache_commit,6,6,128,515,1,0.003072,0.003072,0.003072,0.003072
overlap_p6_d10,overlap,16,prefill_cache_commit,6,6,128,517,1,0.004096,0.004096,0.004096,0.004096
overlap_p6_d10,overlap,16,prefill_cache_commit,6,6,128,518,1,0.004096,0.004096,0.004096,0.004096
overlap_p6_d10,overlap,16,prefill_cache_commit,6,6,128,519,1,0.004096,0.004096,0.004096,0.004096
overlap_p6_d10,overlap,16,prefill_cache_commit,6,10,128,512,1,0.003072,0.003072,0.003072,0.003072
overlap_p6_d10,overlap,16,prefill_cache_commit,6,10,128,517,1,0.00352,0.00352,0.00352,0.00352
overlap_p6_d10,overlap,16,prefill_engine,1,0,128,0,1,18.573313,18.573313,18.573313,18.573313
overlap_p6_d10,overlap,16,prefill_engine,2,10,128,513,1,36.172798,36.172798,36.172798,36.172798
overlap_p6_d10,overlap,16,prefill_engine,2,10,128,520,1,25.962496,25.962496,25.962496,25.962496
overlap_p6_d10,overlap,16,prefill_engine,2,10,128,521,1,33.61792,33.61792,33.61792,33.61792
overlap_p6_d10,overlap,16,prefill_engine,2,10,128,523,1,29.670401,29.670401,29.670401,29.670401
overlap_p6_d10,overlap,16,prefill_engine,3,0,128,0,1,35.628033,35.628033,35.628033,35.628033
overlap_p6_d10,overlap,16,prefill_engine,4,0,128,0,2,40.745983,40.745983,40.8538102,40.865791
overlap_p6_d10,overlap,16,prefill_engine,4,6,128,516,1,44.670975,44.670975,44.670975,44.670975
overlap_p6_d10,overlap,16,prefill_engine,4,6,128,526,1,52.696064,52.696064,52.696064,52.696064
overlap_p6_d10,overlap,16,prefill_engine,4,10,128,513,1,58.874882,58.874882,58.874882,58.874882
overlap_p6_d10,overlap,16,prefill_engine,4,10,128,520,1,51.502079,51.502079,51.502079,51.502079
overlap_p6_d10,overlap,16,prefill_engine,4,10,128,521,1,55.793663,55.793663,55.793663,55.793663
overlap_p6_d10,overlap,16,prefill_engine,4,10,128,522,1,59.283455,59.283455,59.283455,59.283455
overlap_p6_d10,overlap,16,prefill_engine,4,10,128,525,1,51.906559,51.906559,51.906559,51.906559
overlap_p6_d10,overlap,16,prefill_engine,6,0,128,0,10,70.8016262,71.960579,80.2085385,80.587776
overlap_p6_d10,overlap,16,prefill_engine,6,4,128,512,2,72.5258235,72.5258235,81.27272775,82.244606
overlap_p6_d10,overlap,16,prefill_engine,6,4,128,513,1,76.400642,76.400642,76.400642,76.400642
overlap_p6_d10,overlap,16,prefill_engine,6,4,128,514,1,73.341949,73.341949,73.341949,73.341949
overlap_p6_d10,overlap,16,prefill_engine,6,4,128,515,1,81.509377,81.509377,81.509377,81.509377
overlap_p6_d10,overlap,16,prefill_engine,6,4,128,516,1,62.795776,62.795776,62.795776,62.795776
overlap_p6_d10,overlap,16,prefill_engine,6,4,128,517,1,78.163971,78.163971,78.163971,78.163971
overlap_p6_d10,overlap,16,prefill_engine,6,6,128,514,1,79.432701,79.432701,79.432701,79.432701
overlap_p6_d10,overlap,16,prefill_engine,6,6,128,515,1,85.599236,85.599236,85.599236,85.599236
overlap_p6_d10,overlap,16,prefill_engine,6,6,128,517,1,78.739746,78.739746,78.739746,78.739746
overlap_p6_d10,overlap,16,prefill_engine,6,6,128,518,1,76.492798,76.492798,76.492798,76.492798
overlap_p6_d10,overlap,16,prefill_engine,6,6,128,519,1,84.124672,84.124672,84.124672,84.124672
overlap_p6_d10,overlap,16,prefill_engine,6,10,128,512,1,84.954109,84.954109,84.954109,84.954109
overlap_p6_d10,overlap,16,prefill_engine,6,10,128,517,1,83.834877,83.834877,83.834877,83.834877
overlap_p6_d10,overlap,16,prefill_prepare,1,0,128,0,1,0.076128,0.076128,0.076128,0.076128
overlap_p6_d10,overlap,16,prefill_prepare,2,10,128,513,1,0.036448,0.036448,0.036448,0.036448
overlap_p6_d10,overlap,16,prefill_prepare,2,10,128,520,1,0.03584,0.03584,0.03584,0.03584
overlap_p6_d10,overlap,16,prefill_prepare,2,10,128,521,1,0.033792,0.033792,0.033792,0.033792
overlap_p6_d10,overlap,16,prefill_prepare,2,10,128,523,1,0.034816,0.034816,0.034816,0.034816
overlap_p6_d10,overlap,16,prefill_prepare,3,0,128,0,1,0.041248,0.041248,0.041248,0.041248
overlap_p6_d10,overlap,16,prefill_prepare,4,0,128,0,2,0.04752,0.04752,0.0478944,0.047936
overlap_p6_d10,overlap,16,prefill_prepare,4,6,128,516,1,0.048128,0.048128,0.048128,0.048128
overlap_p6_d10,overlap,16,prefill_prepare,4,6,128,526,1,0.04992,0.04992,0.04992,0.04992
overlap_p6_d10,overlap,16,prefill_prepare,4,10,128,513,1,0.0488,0.0488,0.0488,0.0488
overlap_p6_d10,overlap,16,prefill_prepare,4,10,128,520,1,0.050176,0.050176,0.050176,0.050176
overlap_p6_d10,overlap,16,prefill_prepare,4,10,128,521,1,0.050176,0.050176,0.050176,0.050176
overlap_p6_d10,overlap,16,prefill_prepare,4,10,128,522,1,0.049856,0.049856,0.049856,0.049856
overlap_p6_d10,overlap,16,prefill_prepare,4,10,128,525,1,0.049152,0.049152,0.049152,0.049152
overlap_p6_d10,overlap,16,prefill_prepare,6,0,128,0,10,0.057363199999999996,0.056111999999999995,0.0633648,0.065568
overlap_p6_d10,overlap,16,prefill_prepare,6,4,128,512,2,0.054784,0.054784,0.0552448,0.055296
overlap_p6_d10,overlap,16,prefill_prepare,6,4,128,513,1,0.058368,0.058368,0.058368,0.058368
overlap_p6_d10,overlap,16,prefill_prepare,6,4,128,514,1,0.057344,0.057344,0.057344,0.057344
overlap_p6_d10,overlap,16,prefill_prepare,6,4,128,515,1,0.056096,0.056096,0.056096,0.056096
overlap_p6_d10,overlap,16,prefill_prepare,6,4,128,516,1,0.053248,0.053248,0.053248,0.053248
overlap_p6_d10,overlap,16,prefill_prepare,6,4,128,517,1,0.058368,0.058368,0.058368,0.058368
overlap_p6_d10,overlap,16,prefill_prepare,6,6,128,514,1,0.054272,0.054272,0.054272,0.054272
overlap_p6_d10,overlap,16,prefill_prepare,6,6,128,515,1,0.057184,0.057184,0.057184,0.057184
overlap_p6_d10,overlap,16,prefill_prepare,6,6,128,517,1,0.056992,0.056992,0.056992,0.056992
overlap_p6_d10,overlap,16,prefill_prepare,6,6,128,518,1,0.059392,0.059392,0.059392,0.059392
overlap_p6_d10,overlap,16,prefill_prepare,6,6,128,519,1,0.05632,0.05632,0.05632,0.05632
overlap_p6_d10,overlap,16,prefill_prepare,6,10,128,512,1,0.05632,0.05632,0.05632,0.05632
overlap_p6_d10,overlap,16,prefill_prepare,6,10,128,517,1,0.055008,0.055008,0.055008,0.055008
overlap_p6_d10,overlap,16,prefill_sample,2,10,128,513,1,0.020288,0.020288,0.020288,0.020288
overlap_p6_d10,overlap,16,prefill_sample,4,10,128,513,1,0.033664,0.033664,0.033664,0.033664
overlap_p6_d10,overlap,16,prefill_sample,4,10,128,522,1,0.03872,0.03872,0.03872,0.03872
overlap_p6_d10,overlap,16,prefill_sample,6,0,128,0,2,0.046928,0.046928,0.0506,0.051008
overlap_p6_d10,overlap,16,prefill_sample,6,4,128,512,1,0.045536,0.045536,0.045536,0.045536
overlap_p6_d10,overlap,16,prefill_sample,6,4,128,515,1,0.043872,0.043872,0.043872,0.043872
overlap_p6_d10,overlap,16,prefill_sample,6,4,128,517,1,0.046048,0.046048,0.046048,0.046048
overlap_p6_d10,overlap,16,prefill_sample,6,6,128,515,1,0.042848,0.042848,0.042848,0.042848
overlap_p6_d10,overlap,16,prefill_sample,6,6,128,519,1,0.041792,0.041792,0.041792,0.041792
overlap_p6_d10,overlap,16,prefill_sample,6,10,128,512,1,0.041184,0.041184,0.041184,0.041184
overlap_p6_d10,overlap,16,prefill_sample,6,10,128,517,1,0.042848,0.042848,0.042848,0.042848
overlap_p8_d8,overlap,16,decode_engine,0,8,0,512,3,15.482645333333332,15.5392,15.5634496,15.566144
overlap_p8_d8,overlap,16,decode_engine,0,8,0,513,4,15.052095999999999,15.033984,15.1344128,15.15008
overlap_p8_d8,overlap,16,decode_engine,0,8,0,514,4,14.856463999999999,14.851072,14.901555199999999,14.910464
overlap_p8_d8,overlap,16,decode_engine,0,8,0,515,5,14.8458624,14.768128,15.0779264,15.147392
overlap_p8_d8,overlap,16,decode_engine,0,8,0,516,6,14.887253333333334,14.774272,15.22176,15.311872
overlap_p8_d8,overlap,16,decode_engine,0,8,0,517,6,14.784170666666666,14.765568,14.851328,14.872576
overlap_p8_d8,overlap,16,decode_engine,0,8,0,518,6,14.779056,14.76984,14.825152,14.843136
overlap_p8_d8,overlap,16,decode_engine,0,8,0,519,6,14.797039999999999,14.769152,14.885224000000001,14.90432
overlap_p8_d8,overlap,16,decode_engine,0,8,0,520,6,14.773317333333333,14.76256,14.813792,14.828672
overlap_p8_d8,overlap,16,decode_engine,0,8,0,521,6,14.775648,14.771712,14.795776,14.80192
overlap_p8_d8,overlap,16,decode_engine,0,8,0,522,6,14.773418666666666,14.769152,14.789888000000001,14.790656
overlap_p8_d8,overlap,16,decode_engine,0,8,0,523,6,14.806234666666667,14.767616,14.929952,14.972928
overlap_p8_d8,overlap,16,decode_engine,0,8,0,524,5,14.7816448,14.782464,14.7970048,14.799872
overlap_p8_d8,overlap,16,decode_engine,0,8,0,525,5,14.773312,14.765056,14.7941696,14.798112
overlap_p8_d8,overlap,16,decode_engine,0,8,0,526,4,14.78072,14.782048,14.7925504,14.792704
overlap_p8_d8,overlap,16,decode_engine,8,8,128,512,3,53.34050133333333,53.713921,55.063141599999994,55.213055
overlap_p8_d8,overlap,16,decode_engine,8,8,128,513,2,55.7030395,55.7030395,58.46369275,58.770432
overlap_p8_d8,overlap,16,decode_engine,8,8,128,514,2,52.073984,52.073984,52.171211,52.182014
overlap_p8_d8,overlap,16,decode_engine,8,8,128,515,1,53.416962,53.416962,53.416962,53.416962
overlap_p8_d8,overlap,16,decode_engine,8,8,128,524,1,55.145473,55.145473,55.145473,55.145473
overlap_p8_d8,overlap,16,decode_engine,8,8,128,525,1,52.153343,52.153343,52.153343,52.153343
overlap_p8_d8,overlap,16,decode_engine,8,8,128,526,2,54.678528,54.678528,57.1585545,57.434113
overlap_p8_d8,overlap,16,decode_prepare,0,8,0,512,3,0.017365333333333333,0.017408,0.017408,0.017408
overlap_p8_d8,overlap,16,decode_prepare,0,8,0,513,4,0.016864,0.016832,0.0173744,0.017408
overlap_p8_d8,overlap,16,decode_prepare,0,8,0,514,4,0.01692,0.016640000000000002,0.0177872,0.017984
overlap_p8_d8,overlap,16,decode_prepare,0,8,0,515,5,0.0167936,0.016768,0.0171584,0.017248
overlap_p8_d8,overlap,16,decode_prepare,0,8,0,516,6,0.01672,0.016384,0.0174,0.017408
overlap_p8_d8,overlap,16,decode_prepare,0,8,0,517,6,0.017034666666666667,0.017183999999999998,0.017408,0.017408
overlap_p8_d8,overlap,16,decode_prepare,0,8,0,518,6,0.016821333333333334,0.016640000000000002,0.017456,0.017472
overlap_p8_d8,overlap,16,decode_prepare,0,8,0,519,6,0.023728,0.017328,0.0398,0.042144
overlap_p8_d8,overlap,16,decode_prepare,0,8,0,520,6,0.017296,0.016752,0.0194,0.020064
overlap_p8_d8,overlap,16,decode_prepare,0,8,0,521,6,0.017136,0.017231999999999997,0.017376,0.017408
overlap_p8_d8,overlap,16,decode_prepare,0,8,0,522,6,0.016821333333333334,0.016752,0.017272,0.017344
overlap_p8_d8,overlap,16,decode_prepare,0,8,0,523,6,0.017082666666666666,0.0168,0.018248,0.018432
overlap_p8_d8,overlap,16,decode_prepare,0,8,0,524,5,0.0175872,0.01744,0.018944,0.019072
overlap_p8_d8,overlap,16,decode_prepare,0,8,0,525,5,0.0169728,0.017088,0.0175616,0.0176
overlap_p8_d8,overlap,16,decode_prepare,0,8,0,526,4,0.017144,0.017296,0.017408,0.017408
overlap_p8_d8,overlap,16,decode_prepare,8,8,128,512,3,0.018773333333333333,0.01536,0.026419199999999997,0.027648
overlap_p8_d8,overlap,16,decode_prepare,8,8,128,513,2,0.011264,0.011264,0.0121856,0.012288
overlap_p8_d8,overlap,16,decode_prepare,8,8,128,514,2,0.015872,0.015872,0.0209408,0.021504
overlap_p8_d8,overlap,16,decode_prepare,8,8,128,515,1,0.017408,0.017408,0.017408,0.017408
overlap_p8_d8,overlap,16,decode_prepare,8,8,128,524,1,0.021504,0.021504,0.021504,0.021504
overlap_p8_d8,overlap,16,decode_prepare,8,8,128,525,1,0.012288,0.012288,0.012288,0.012288
overlap_p8_d8,overlap,16,decode_prepare,8,8,128,526,2,0.020992,0.020992,0.030668800000000003,0.031744
overlap_p8_d8,overlap,16,decode_sample,0,8,0,512,3,0.049824,0.049472,0.051344,0.051552
overlap_p8_d8,overlap,16,decode_sample,0,8,0,513,4,0.051616,0.052032,0.0534144,0.053568
overlap_p8_d8,overlap,16,decode_sample,0,8,0,514,4,0.052000000000000005,0.052512,0.0533824,0.053536
overlap_p8_d8,overlap,16,decode_sample,0,8,0,515,5,0.0510848,0.050496,0.052307200000000005,0.052512
overlap_p8_d8,overlap,16,decode_sample,0,8,0,516,6,0.050320000000000004,0.049456,0.05328,0.053536
overlap_p8_d8,overlap,16,decode_sample,0,8,0,517,6,0.05048,0.051488,0.05228,0.052512
overlap_p8_d8,overlap,16,decode_sample,0,8,0,518,6,0.05131733333333333,0.051488000000000006,0.054048,0.05456
overlap_p8_d8,overlap,16,decode_sample,0,8,0,519,6,0.050501333333333336,0.050464,0.053024,0.053536
overlap_p8_d8,overlap,16,decode_sample,0,8,0,520,6,0.050805333333333334,0.050976,0.053536,0.053536
overlap_p8_d8,overlap,16,decode_sample,0,8,0,521,6,0.050021333333333334,0.049951999999999996,0.052104000000000004,0.052512
overlap_p8_d8,overlap,16,decode_sample,0,8,0,522,6,0.05131733333333333,0.052000000000000005,0.052512,0.052512
overlap_p8_d8,overlap,16,decode_sample,0,8,0,523,6,0.05111466666666667,0.050672,0.053536,0.053536
overlap_p8_d8,overlap,16,decode_sample,0,8,0,524,5,0.0530496,0.053536,0.0547392,0.054784
overlap_p8_d8,overlap,16,decode_sample,0,8,0,525,5,0.0505472,0.051488,0.052307200000000005,0.052512
overlap_p8_d8,overlap,16,decode_sample,0,8,0,526,4,0.051744,0.052000000000000005,0.0533824,0.053536
overlap_p8_d8,overlap,16,decode_sample,8,8,128,512,3,0.29425066666666666,0.364032,0.4362048,0.444224
overlap_p8_d8,overlap,16,decode_sample,8,8,128,513,2,0.29958399999999996,0.29958399999999996,0.3492064,0.35472
overlap_p8_d8,overlap,16,decode_sample,8,8,128,514,2,0.12096,0.12096,0.17052479999999998,0.176032
overlap_p8_d8,overlap,16,decode_sample,8,8,128,515,1,0.361408,0.361408,0.361408,0.361408
overlap_p8_d8,overlap,16,decode_sample,8,8,128,524,1,0.238912,0.238912,0.238912,0.238912
overlap_p8_d8,overlap,16,decode_sample,8,8,128,525,1,0.073024,0.073024,0.073024,0.073024
overlap_p8_d8,overlap,16,decode_sample,8,8,128,526,2,0.127504,0.127504,0.1752112,0.180512
overlap_p8_d8,overlap,16,prefill_cache_commit,1,0,128,0,1,0.004096,0.004096,0.004096,0.004096
overlap_p8_d8,overlap,16,prefill_cache_commit,7,0,128,0,1,0.003488,0.003488,0.003488,0.003488
overlap_p8_d8,overlap,16,prefill_cache_commit,8,0,128,0,11,0.004029090909090909,0.004096,0.004608,0.00512
overlap_p8_d8,overlap,16,prefill_cache_commit,8,8,128,512,3,0.0037546666666666666,0.004096,0.004096,0.004096
overlap_p8_d8,overlap,16,prefill_cache_commit,8,8,128,513,2,0.004096,0.004096,0.004096,0.004096
overlap_p8_d8,overlap,16,prefill_cache_commit,8,8,128,514,2,0.004096,0.004096,0.004096,0.004096
overlap_p8_d8,overlap,16,prefill_cache_commit,8,8,128,515,1,0.004096,0.004096,0.004096,0.004096
overlap_p8_d8,overlap,16,prefill_cache_commit,8,8,128,524,1,0.003072,0.003072,0.003072,0.003072
overlap_p8_d8,overlap,16,prefill_cache_commit,8,8,128,525,1,0.003072,0.003072,0.003072,0.003072
overlap_p8_d8,overlap,16,prefill_cache_commit,8,8,128,526,2,0.004096,0.004096,0.004096,0.004096
overlap_p8_d8,overlap,16,prefill_engine,1,0,128,0,1,18.63616,18.63616,18.63616,18.63616
overlap_p8_d8,overlap,16,prefill_engine,7,0,128,0,1,68.739075,68.739075,68.739075,68.739075
overlap_p8_d8,overlap,16,prefill_engine,8,0,128,0,11,88.18390172727273,88.700928,103.8883855,104.08448
overlap_p8_d8,overlap,16,prefill_engine,8,8,128,512,3,91.93437966666667,91.323395,104.88842,106.395645
overlap_p8_d8,overlap,16,prefill_engine,8,8,128,513,2,95.78445049999999,95.78445049999999,98.98286284999999,99.338242
overlap_p8_d8,overlap,16,prefill_engine,8,8,128,514,2,102.81527700000001,102.81527700000001,106.1223954,106.489853
overlap_p8_d8,overlap,16,prefill_engine,8,8,128,515,1,106.599426,106.599426,106.599426,106.599426
overlap_p8_d8,overlap,16,prefill_engine,8,8,128,524,1,92.140541,92.140541,92.140541,92.140541
overlap_p8_d8,overlap,16,prefill_engine,8,8,128,525,1,99.602432,99.602432,99.602432,99.602432
overlap_p8_d8,overlap,16,prefill_engine,8,8,128,526,2,99.497986,99.497986,106.0081684,106.731522
overlap_p8_d8,overlap,16,prefill_prepare,1,0,128,0,1,0.077824,0.077824,0.077824,0.077824
overlap_p8_d8,overlap,16,prefill_prepare,7,0,128,0,1,0.086016,0.086016,0.086016,0.086016
overlap_p8_d8,overlap,16,prefill_prepare,8,0,128,0,11,0.06973672727272727,0.069824,0.074672,0.074752
overlap_p8_d8,overlap,16,prefill_prepare,8,8,128,512,3,0.06785066666666667,0.067584,0.0685056,0.068608
overlap_p8_d8,overlap,16,prefill_prepare,8,8,128,513,2,0.070976,0.070976,0.0716096,0.07168
overlap_p8_d8,overlap,16,prefill_prepare,8,8,128,514,2,0.076176,0.076176,0.0829872,0.083744
overlap_p8_d8,overlap,16,prefill_prepare,8,8,128,515,1,0.068608,0.068608,0.068608,0.068608
overlap_p8_d8,overlap,16,prefill_prepare,8,8,128,524,1,0.072704,0.072704,0.072704,0.072704
overlap_p8_d8,overlap,16,prefill_prepare,8,8,128,525,1,0.072704,0.072704,0.072704,0.072704
overlap_p8_d8,overlap,16,prefill_prepare,8,8,128,526,2,0.072032,0.072032,0.0732704,0.073408
overlap_p8_d8,overlap,16,prefill_sample,8,0,128,0,2,0.053680000000000005,0.053680000000000005,0.0567184,0.057056
overlap_p8_d8,overlap,16,prefill_sample,8,8,128,512,1,0.050912,0.050912,0.050912,0.050912
overlap_p8_d8,overlap,16,prefill_sample,8,8,128,514,1,0.051936,0.051936,0.051936,0.051936
overlap_p8_d8,overlap,16,prefill_sample,8,8,128,515,1,0.050912,0.050912,0.050912,0.050912
overlap_p8_d8,overlap,16,prefill_sample,8,8,128,526,1,0.05088,0.05088,0.05088,0.05088
overlap_p10_d6,overlap,16,decode_engine,0,6,0,512,3,8.292010666666666,8.303616,8.3441664,8.348672
overlap_p10_d6,overlap,16,decode_engine,0,6,0,513,5,8.2168064,8.228864,8.2849792,8.296448
overlap_p10_d6,overlap,16,decode_engine,0,6,0,514,8,8.155008,8.108544,8.2724864,8.281088
overlap_p10_d6,overlap,16,decode_engine,0,6,0,515,9,8.078108444444444,8.071168,8.1496064,8.154112
overlap_p10_d6,overlap,16,decode_engine,0,6,0,516,7,8.033426285714285,8.018944,8.077824,8.091648
overlap_p10_d6,overlap,16,decode_engine,0,6,0,517,8,8.027008,8.027648,8.035584,8.037376
overlap_p10_d6,overlap,16,decode_engine,0,6,0,518,9,8.029525333333334,8.027136,8.0392192,8.042496
overlap_p10_d6,overlap,16,decode_engine,0,6,0,519,7,8.024649142857143,8.022016,8.0423936,8.047616
overlap_p10_d6,overlap,16,decode_engine,0,6,0,520,8,8.02688,8.02304,8.048128,8.05888
overlap_p10_d6,overlap,16,decode_engine,0,6,0,521,10,8.0249184,8.027648,8.032256,8.032256
overlap_p10_d6,overlap,16,decode_engine,0,6,0,522,8,8.032384,8.02304,8.0677888,8.07424
overlap_p10_d6,overlap,16,decode_engine,0,6,0,523,6,8.021162666666667,8.017408,8.0384,8.044544
overlap_p10_d6,overlap,16,decode_engine,0,6,0,524,6,8.013653333333334,8.014336,8.02176,8.02304
overlap_p10_d6,overlap,16,decode_engine,0,6,0,525,6,8.044714666666668,8.023552,8.128512,8.16128
overlap_p10_d6,overlap,16,decode_engine,0,6,0,526,1,8.029184,8.029184,8.029184,8.029184
overlap_p10_d6,overlap,16,decode_engine,2,4,128,512,1,24.596479,24.596479,24.596479,24.596479
overlap_p10_d6,overlap,16,decode_engine,2,6,128,513,1,14.257152,14.257152,14.257152,14.257152
overlap_p10_d6,overlap,16,decode_engine,2,6,128,520,1,13.31712,13.31712,13.31712,13.31712
overlap_p10_d6,overlap,16,decode_engine,2,6,128,523,3,14.578688,14.73024,15.0786048,15.117312
overlap_p10_d6,overlap,16,decode_engine,2,6,128,524,1,15.215616,15.215616,15.215616,15.215616
overlap_p10_d6,overlap,16,decode_engine,4,6,128,513,1,20.95104,20.95104,20.95104,20.95104
overlap_p10_d6,overlap,16,decode_engine,4,6,128,517,1,19.854336,19.854336,19.854336,19.854336
overlap_p10_d6,overlap,16,decode_engine,4,6,128,524,1,19.10784,19.10784,19.10784,19.10784
overlap_p10_d6,overlap,16,decode_engine,4,6,128,526,3,21.03671466666667,21.692415,21.7550856,21.762049
overlap_p10_d6,overlap,16,decode_engine,8,4,128,513,1,26.432512,26.432512,26.432512,26.432512
overlap_p10_d6,overlap,16,decode_engine,8,6,128,512,1,33.242111,33.242111,33.242111,33.242111
overlap_p10_d6,overlap,16,decode_engine,8,6,128,513,2,31.19104,31.19104,31.8665719,31.941631
overlap_p10_d6,overlap,16,decode_engine,10,4,128,513,1,33.415169,33.415169,33.415169,33.415169
overlap_p10_d6,overlap,16,decode_engine,10,4,128,514,2,32.2631675,32.2631675,33.37922465,33.503231
overlap_p10_d6,overlap,16,decode_engine,10,4,128,515,1,31.6672,31.6672,31.6672,31.6672
overlap_p10_d6,overlap,16,decode_prepare,0,6,0,512,3,0.017066666666666667,0.017408,0.017408,0.017408
overlap_p10_d6,overlap,16,decode_prepare,0,6,0,513,5,0.016908799999999998,0.017088,0.0173824,0.017408
overlap_p10_d6,overlap,16,decode_prepare,0,6,0,514,8,0.016964,0.017024,0.017408,0.017408
overlap_p10_d6,overlap,16,decode_prepare,0,6,0,515,9,0.016874666666666666,0.01712,0.0173696,0.017408
overlap_p10_d6,overlap,16,decode_prepare,0,6,0,516,7,0.016530285714285713,0.016384,0.0171008,0.017408
overlap_p10_d6,overlap,16,decode_prepare,0,6,0,517,8,0.0169,0.017024,0.0173968,0.017408
overlap_p10_d6,overlap,16,decode_prepare,0,6,0,518,9,0.016675555555555555,0.016448,0.0173056,0.017408
overlap_p10_d6,overlap,16,decode_prepare,0,6,0,519,7,0.016534857142857143,0.016384,0.017049599999999998,0.017088
overlap_p10_d6,overlap,16,decode_prepare,0,6,0,520,8,0.016635999999999998,0.016384,0.017172800000000002,0.017184
overlap_p10_d6,overlap,16,decode_prepare,0,6,0,521,10,0.0166976,0.01648,0.0173216,0.017408
overlap_p10_d6,overlap,16,decode_prepare,0,6,0,522,8,0.016964,0.017152,0.017331199999999998,0.017376
overlap_p10_d6,overlap,16,decode_prepare,0,6,0,523,6,0.016672,0.016416,0.017368,0.017408
overlap_p10_d6,overlap,16,decode_prepare,0,6,0,524,6,0.016992,0.017088,0.017335999999999997,0.017344
overlap_p10_d6,overlap,16,decode_prepare,0,6,0,525,6,0.016789333333333333,0.016704,0.017311999999999998,0.017344
overlap_p10_d6,overlap,16,decode_prepare,0,6,0,526,1,0.017056,0.017056,0.017056,0.017056
overlap_p10_d6,overlap,16,decode_prepare,2,4,128,512,1,0.02048,0.02048,0.02048,0.02048
overlap_p10_d6,overlap,16,decode_prepare,2,6,128,513,1,0.019456,0.019456,0.019456,0.019456
overlap_p10_d6,overlap,16,decode_prepare,2,6,128,520,1,0.016384,0.016384,0.016384,0.016384
overlap_p10_d6,overlap,16,decode_prepare,2,6,128,523,3,0.022869333333333335,0.018432,0.036864,0.038912
overlap_p10_d6,overlap,16,decode_prepare,2,6,128,524,1,0.019456,0.019456,0.019456,0.019456
overlap_p10_d6,overlap,16,decode_prepare,4,6,128,513,1,0.011264,0.011264,0.011264,0.011264
overlap_p10_d6,overlap,16,decode_prepare,4,6,128,517,1,0.01536,0.01536,0.01536,0.01536
overlap_p10_d6,overlap,16,decode_prepare,4,6,128,524,1,0.019456,0.019456,0.019456,0.019456
overlap_p10_d6,overlap,16,decode_prepare,4,6,128,526,3,0.016725333333333335,0.01536,0.0218112,0.022528
overlap_p10_d6,overlap,16,decode_prepare,8,4,128,513,1,0.02048,0.02048,0.02048,0.02048
overlap_p10_d6,overlap,16,decode_prepare,8,6,128,512,1,0.315392,0.315392,0.315392,0.315392
overlap_p10_d6,overlap,16,decode_prepare,8,6,128,513,2,1.231872,1.231872,2.3304191999999997,2.45248
overlap_p10_d6,overlap,16,decode_prepare,10,4,128,513,1,0.012288,0.012288,0.012288,0.012288
overlap_p10_d6,overlap,16,decode_prepare,10,4,128,514,2,0.0128,0.0128,0.015104,0.01536
overlap_p10_d6,overlap,16,decode_prepare,10,4,128,515,1,0.017408,0.017408,0.017408,0.017408
overlap_p10_d6,overlap,16,decode_sample,0,6,0,512,3,0.04618666666666667,0.046528,0.047449599999999995,0.047552
overlap_p10_d6,overlap,16,decode_sample,0,6,0,513,5,0.0449664,0.04448,0.046464,0.046528
overlap_p10_d6,overlap,16,decode_sample,0,6,0,514,8,0.042968,0.0428,0.0461376,0.046496
overlap_p10_d6,overlap,16,decode_sample,0,6,0,515,9,0.043665777777777776,0.043424,0.0461056,0.046528
overlap_p10_d6,overlap,16,decode_sample,0,6,0,516,7,0.042802285714285716,0.043456,0.0458912,0.046496
overlap_p10_d6,overlap,16,decode_sample,0,6,0,517,8,0.044368,0.043936,0.046496,0.046496
overlap_p10_d6,overlap,16,decode_sample,0,6,0,518,9,0.04242844444444444,0.042432,0.0462016,0.046496
overlap_p10_d6,overlap,16,decode_sample,0,6,0,519,7,0.042112000000000004,0.0424,0.0441408,0.044448
overlap_p10_d6,overlap,16,decode_sample,0,6,0,520,8,0.044068,0.044448,0.046496,0.046496
overlap_p10_d6,overlap,16,decode_sample,0,6,0,521,10,0.0432288,0.043936,0.0465984,0.04752
overlap_p10_d6,overlap,16,decode_sample,0,6,0,522,8,0.04282,0.042415999999999995,0.046496,0.046496
overlap_p10_d6,overlap,16,decode_sample,0,6,0,523,6,0.04376533333333334,0.043936,0.045216,0.045472
overlap_p10_d6,overlap,16,decode_sample,0,6,0,524,6,0.04410666666666667,0.043936,0.046496,0.046496
overlap_p10_d6,overlap,16,decode_sample,0,6,0,525,6,0.04399466666666667,0.043952,0.04652,0.046528
overlap_p10_d6,overlap,16,decode_sample,0,6,0,526,1,0.04048,0.04048,0.04048,0.04048
overlap_p10_d6,overlap,16,decode_sample,2,4,128,512,1,0.033216,0.033216,0.033216,0.033216
overlap_p10_d6,overlap,16,decode_sample,2,6,128,513,1,0.125984,0.125984,0.125984,0.125984
overlap_p10_d6,overlap,16,decode_sample,2,6,128,520,1,0.052064,0.052064,0.052064,0.052064
overlap_p10_d6,overlap,16,decode_sample,2,6,128,523,3,0.048576,0.0496,0.0505216,0.050624
overlap_p10_d6,overlap,16,decode_sample,2,6,128,524,1,0.057792,0.057792,0.057792,0.057792
overlap_p10_d6,overlap,16,decode_sample,4,6,128,513,1,0.092544,0.092544,0.092544,0.092544
overlap_p10_d6,overlap,16,decode_sample,4,6,128,517,1,0.08448,0.08448,0.08448,0.08448
overlap_p10_d6,overlap,16,decode_sample,4,6,128,524,1,0.05728,0.05728,0.05728,0.05728
overlap_p10_d6,overlap,16,decode_sample,4,6,128,526,3,0.08039466666666667,0.061952,0.11903359999999998,0.125376
overlap_p10_d6,overlap,16,decode_sample,8,4,128,513,1,0.052512,0.052512,0.052512,0.052512
overlap_p10_d6,overlap,16,decode_sample,8,6,128,512,1,0.418176,0.418176,0.418176,0.418176
overlap_p10_d6,overlap,16,decode_sample,8,6,128,513,2,0.27408,0.27408,0.354,0.36288
overlap_p10_d6,overlap,16,decode_sample,10,4,128,513,1,0.037312,0.037312,0.037312,0.037312
overlap_p10_d6,overlap,16,decode_sample,10,4,128,514,2,0.070576,0.070576,0.09495519999999999,0.097664
overlap_p10_d6,overlap,16,decode_sample,10,4,128,515,1,0.290144,0.290144,0.290144,0.290144
overlap_p10_d6,overlap,16,prefill_cache_commit,1,0,128,0,1,0.003072,0.003072,0.003072,0.003072
overlap_p10_d6,overlap,16,prefill_cache_commit,2,0,128,0,1,0.003072,0.003072,0.003072,0.003072
overlap_p10_d6,overlap,16,prefill_cache_commit,2,4,128,512,1,0.004096,0.004096,0.004096,0.004096
overlap_p10_d6,overlap,16,prefill_cache_commit,2,6,128,513,1,0.003392,0.003392,0.003392,0.003392
overlap_p10_d6,overlap,16,prefill_cache_commit,2,6,128,520,1,0.004096,0.004096,0.004096,0.004096
overlap_p10_d6,overlap,16,prefill_cache_commit,2,6,128,523,3,0.0034133333333333333,0.003072,0.0039936,0.004096
overlap_p10_d6,overlap,16,prefill_cache_commit,2,6,128,524,1,0.003072,0.003072,0.003072,0.003072
overlap_p10_d6,overlap,16,prefill_cache_commit,4,0,128,0,1,0.004096,0.004096,0.004096,0.004096
overlap_p10_d6,overlap,16,prefill_cache_commit,4,6,128,513,1,0.004096,0.004096,0.004096,0.004096
overlap_p10_d6,overlap,16,prefill_cache_commit,4,6,128,517,1,0.003072,0.003072,0.003072,0.003072
overlap_p10_d6,overlap,16,prefill_cache_commit,4,6,128,524,1,0.003072,0.003072,0.003072,0.003072
overlap_p10_d6,overlap,16,prefill_cache_commit,4,6,128,526,3,0.0035093333333333335,0.00336,0.0040224,0.004096
overlap_p10_d6,overlap,16,prefill_cache_commit,5,0,128,0,1,0.004096,0.004096,0.004096,0.004096
overlap_p10_d6,overlap,16,prefill_cache_commit,8,4,128,513,1,0.004096,0.004096,0.004096,0.004096
overlap_p10_d6,overlap,16,prefill_cache_commit,8,6,128,512,1,0.004096,0.004096,0.004096,0.004096
overlap_p10_d6,overlap,16,prefill_cache_commit,8,6,128,513,2,0.003072,0.003072,0.003072,0.003072
overlap_p10_d6,overlap,16,prefill_cache_commit,10,0,128,0,7,0.0038857142857142857,0.004096,0.004096,0.004096
overlap_p10_d6,overlap,16,prefill_cache_commit,10,4,128,513,1,0.003072,0.003072,0.003072,0.003072
overlap_p10_d6,overlap,16,prefill_cache_commit,10,4,128,514,2,0.003584,0.003584,0.0040447999999999994,0.004096
overlap_p10_d6,overlap,16,prefill_cache_commit,10,4,128,515,1,0.004096,0.004096,0.004096,0.004096
overlap_p10_d6,overlap,16,prefill_engine,1,0,128,0,1,18.739201,18.739201,18.739201,18.739201
overlap_p10_d6,overlap,16,prefill_engine,2,0,128,0,1,24.323072,24.323072,24.323072,24.323072
overlap_p10_d6,overlap,16,prefill_engine,2,4,128,512,1,25.500671,25.500671,25.500671,25.500671
overlap_p10_d6,overlap,16,prefill_engine,2,6,128,513,1,36.279297,36.279297,36.279297,36.279297
overlap_p10_d6,overlap,16,prefill_engine,2,6,128,520,1,35.826687,35.826687,35.826687,35.826687
overlap_p10_d6,overlap,16,prefill_engine,2,6,128,523,3,30.996480333333334,31.361025,33.480705,33.716225
overlap_p10_d6,overlap,16,prefill_engine,2,6,128,524,1,34.070526,34.070526,34.070526,34.070526
overlap_p10_d6,overlap,16,prefill_engine,4,0,128,0,1,40.863743,40.863743,40.863743,40.863743
overlap_p10_d6,overlap,16,prefill_engine,4,6,128,513,1,59.461632,59.461632,59.461632,59.461632
overlap_p10_d6,overlap,16,prefill_engine,4,6,128,517,1,44.122112,44.122112,44.122112,44.122112
overlap_p10_d6,overlap,16,prefill_engine,4,6,128,524,1,55.406593,55.406593,55.406593,55.406593
overlap_p10_d6,overlap,16,prefill_engine,4,6,128,526,3,53.60639933333333,53.018623,55.273779999999995,55.524353
overlap_p10_d6,overlap,16,prefill_engine,5,0,128,0,1,50.683006,50.683006,50.683006,50.683006
overlap_p10_d6,overlap,16,prefill_engine,8,4,128,513,1,77.739006,77.739006,77.739006,77.739006
overlap_p10_d6,overlap,16,prefill_engine,8,6,128,512,1,106.692612,106.692612,106.692612,106.692612
overlap_p10_d6,overlap,16,prefill_engine,8,6,128,513,2,104.3246075,104.3246075,105.14806025,105.239555
overlap_p10_d6,overlap,16,prefill_engine,10,0,128,0,7,110.87740342857143,114.630653,125.1471362,127.478783
overlap_p10_d6,overlap,16,prefill_engine,10,4,128,513,1,118.309891,118.309891,118.309891,118.309891
overlap_p10_d6,overlap,16,prefill_engine,10,4,128,514,2,120.7564505,120.7564505,124.09520615,124.466179
overlap_p10_d6,overlap,16,prefill_engine,10,4,128,515,1,124.439552,124.439552,124.439552,124.439552
overlap_p10_d6,overlap,16,prefill_prepare,1,0,128,0,1,0.077824,0.077824,0.077824,0.077824
overlap_p10_d6,overlap,16,prefill_prepare,2,0,128,0,1,0.034816,0.034816,0.034816,0.034816
overlap_p10_d6,overlap,16,prefill_prepare,2,4,128,512,1,0.034816,0.034816,0.034816,0.034816
overlap_p10_d6,overlap,16,prefill_prepare,2,6,128,513,1,0.035552,0.035552,0.035552,0.035552
overlap_p10_d6,overlap,16,prefill_prepare,2,6,128,520,1,0.033856,0.033856,0.033856,0.033856
overlap_p10_d6,overlap,16,prefill_prepare,2,6,128,523,3,0.034709333333333335,0.034816,0.034816,0.034816
overlap_p10_d6,overlap,16,prefill_prepare,2,6,128,524,1,0.034816,0.034816,0.034816,0.034816
overlap_p10_d6,overlap,16,prefill_prepare,4,0,128,0,1,0.047936,0.047936,0.047936,0.047936
overlap_p10_d6,overlap,16,prefill_prepare,4,6,128,513,1,0.05008,0.05008,0.05008,0.05008
overlap_p10_d6,overlap,16,prefill_prepare,4,6,128,517,1,0.048128,0.048128,0.048128,0.048128
overlap_p10_d6,overlap,16,prefill_prepare,4,6,128,524,1,0.048128,0.048128,0.048128,0.048128
overlap_p10_d6,overlap,16,prefill_prepare,4,6,128,526,3,0.04944,0.049152,0.0499296,0.050016
overlap_p10_d6,overlap,16,prefill_prepare,5,0,128,0,1,0.053248,0.053248,0.053248,0.053248
overlap_p10_d6,overlap,16,prefill_prepare,8,4,128,513,1,0.070656,0.070656,0.070656,0.070656
overlap_p10_d6,overlap,16,prefill_prepare,8,6,128,512,1,0.068352,0.068352,0.068352,0.068352
overlap_p10_d6,overlap,16,prefill_prepare,8,6,128,513,2,0.069376,0.069376,0.069376,0.069376
overlap_p10_d6,overlap,16,prefill_prepare,10,0,128,0,7,0.079616,0.078688,0.08192,0.08192
overlap_p10_d6,overlap,16,prefill_prepare,10,4,128,513,1,0.079872,0.079872,0.079872,0.079872
overlap_p10_d6,overlap,16,prefill_prepare,10,4,128,514,2,0.080224,0.080224,0.0805984,0.08064
overlap_p10_d6,overlap,16,prefill_prepare,10,4,128,515,1,0.079872,0.079872,0.079872,0.079872
overlap_p10_d6,overlap,16,prefill_sample,2,6,128,513,1,0.020256,0.020256,0.020256,0.020256
overlap_p10_d6,overlap,16,prefill_sample,2,6,128,520,1,0.019264,0.019264,0.019264,0.019264
overlap_p10_d6,overlap,16,prefill_sample,4,6,128,513,1,0.032576,0.032576,0.032576,0.032576
overlap_p10_d6,overlap,16,prefill_sample,4,6,128,524,1,0.035648,0.035648,0.035648,0.035648
overlap_p10_d6,overlap,16,prefill_sample,8,6,128,512,1,0.050272,0.050272,0.050272,0.050272
overlap_p10_d6,overlap,16,prefill_sample,8,6,128,513,2,0.050912,0.050912,0.0518336,0.051936
overlap_p10_d6,overlap,16,prefill_sample,10,0,128,0,2,0.063392,0.063392,0.0642272,0.06432
overlap_p10_d6,overlap,16,prefill_sample,10,4,128,514,1,0.062304,0.062304,0.062304,0.062304
overlap_p10_d6,overlap,16,prefill_sample,10,4,128,515,1,0.057184,0.057184,0.057184,0.057184
overlap_p12_d4,overlap,16,decode_engine,0,4,0,512,8,7.596424,7.606304,7.638272,7.640064
overlap_p12_d4,overlap,16,decode_engine,0,4,0,513,10,7.4867712,7.479296,7.5540992,7.5776
overlap_p12_d4,overlap,16,decode_engine,0,4,0,514,10,7.4235968,7.414816,7.5091456,7.524352
overlap_p12_d4,overlap,16,decode_engine,0,4,0,515,11,7.427537454545455,7.39328,7.56224,7.66976
overlap_p12_d4,overlap,16,decode_engine,0,4,0,516,11,7.420928,7.420928,7.5120640000000005,7.54176
overlap_p12_d4,overlap,16,decode_engine,0,4,0,517,12,7.418453333333334,7.4204159999999995,7.5009024,7.556096
overlap_p12_d4,overlap,16,decode_engine,0,4,0,518,12,7.412309333333333,7.415808,7.457024,7.45984
overlap_p12_d4,overlap,16,decode_engine,0,4,0,519,12,7.414016,7.4214400000000005,7.4684928,7.502848
overlap_p12_d4,overlap,16,decode_engine,0,4,0,520,12,7.408384,7.418367999999999,7.4658816,7.489536
overlap_p12_d4,overlap,16,decode_engine,0,4,0,521,12,7.4110293333333335,7.420928,7.442176,7.450624
overlap_p12_d4,overlap,16,decode_engine,0,4,0,522,12,7.413504,7.418367999999999,7.4584064,7.462912
overlap_p12_d4,overlap,16,decode_engine,0,4,0,523,11,7.418414545454545,7.415808,7.4854400000000005,7.506944
overlap_p12_d4,overlap,16,decode_engine,0,4,0,524,10,7.4152416,7.418608000000001,7.4973696,7.517184
overlap_p12_d4,overlap,16,decode_engine,0,4,0,525,12,7.445333333333333,7.43168,7.5553792,7.597056
overlap_p12_d4,overlap,16,decode_engine,0,4,0,526,7,7.462326857142857,7.426048,7.5512832,7.55712
overlap_p12_d4,overlap,16,decode_engine,4,4,128,512,2,17.435136,17.435136,18.1986816,18.28352
overlap_p12_d4,overlap,16,decode_engine,4,4,128,513,1,17.268736,17.268736,17.268736,17.268736
overlap_p12_d4,overlap,16,decode_engine,4,4,128,523,1,18.946049,18.946049,18.946049,18.946049
overlap_p12_d4,overlap,16,decode_engine,4,4,128,524,2,15.69024,15.69024,16.1183232,16.165888
overlap_p12_d4,overlap,16,decode_engine,4,4,128,526,4,17.333247749999998,17.3823995,18.8760576,18.902016
overlap_p12_d4,overlap,16,decode_engine,8,4,128,512,1,26.115072,26.115072,26.115072,26.115072
overlap_p12_d4,overlap,16,decode_engine,8,4,128,514,1,26.074112,26.074112,26.074112,26.074112
overlap_p12_d4,overlap,16,decode_engine,8,4,128,516,1,26.436607,26.436607,26.436607,26.436607
overlap_p12_d4,overlap,16,decode_engine,8,4,128,526,1,27.848703,27.848703,27.848703,27.848703
overlap_p12_d4,overlap,16,decode_engine,12,4,128,512,1,35.897343,35.897343,35.897343,35.897343
overlap_p12_d4,overlap,16,decode_engine,12,4,128,513,1,35.108864,35.108864,35.108864,35.108864
overlap_p12_d4,overlap,16,decode_engine,12,4,128,514,1,36.19635,36.19635,36.19635,36.19635
overlap_p12_d4,overlap,16,decode_engine,12,4,128,515,1,35.958782,35.958782,35.958782,35.958782
overlap_p12_d4,overlap,16,decode_prepare,0,4,0,512,8,0.017388,0.017312,0.0182768,0.018624
overlap_p12_d4,overlap,16,decode_prepare,0,4,0,513,10,0.0170528,0.017104,0.0175136,0.0176
overlap_p12_d4,overlap,16,decode_prepare,0,4,0,514,10,0.016848,0.016767999999999998,0.017408,0.017408
overlap_p12_d4,overlap,16,decode_prepare,0,4,0,515,11,0.016465454545454547,0.016384,0.01736,0.017408
overlap_p12_d4,overlap,16,decode_prepare,0,4,0,516,11,0.016622545454545456,0.01648,0.017408,0.017568
overlap_p12_d4,overlap,16,decode_prepare,0,4,0,517,12,0.016557333333333334,0.016384,0.0172848,0.017408
overlap_p12_d4,overlap,16,decode_prepare,0,4,0,518,12,0.016794666666666666,0.016432000000000002,0.0187072,0.019552
overlap_p12_d4,overlap,16,decode_prepare,0,4,0,519,12,0.01722133333333333,0.016384,0.021406399999999992,0.026528
overlap_p12_d4,overlap,16,decode_prepare,0,4,0,520,12,0.0166,0.016576,0.0172704,0.017376
overlap_p12_d4,overlap,16,decode_prepare,0,4,0,521,12,0.016546666666666668,0.016384,0.0172144,0.017408
overlap_p12_d4,overlap,16,decode_prepare,0,4,0,522,12,0.016909333333333332,0.016384,0.018761599999999996,0.020416
overlap_p12_d4,overlap,16,decode_prepare,0,4,0,523,11,0.016497454545454544,0.016384,0.01712,0.017152
overlap_p12_d4,overlap,16,decode_prepare,0,4,0,524,10,0.0167936,0.016752000000000003,0.017336,0.017408
overlap_p12_d4,overlap,16,decode_prepare,0,4,0,525,12,0.016488,0.016384,0.0175808,0.018144
overlap_p12_d4,overlap,16,decode_prepare,0,4,0,526,7,0.016914285714285715,0.01696,0.0173024,0.017408
overlap_p12_d4,overlap,16,decode_prepare,4,4,128,512,2,0.014848,0.014848,0.0189952,0.019456
overlap_p12_d4,overlap,16,decode_prepare,4,4,128,513,1,0.018432,0.018432,0.018432,0.018432
overlap_p12_d4,overlap,16,decode_prepare,4,4,128,523,1,0.02048,0.02048,0.02048,0.02048
overlap_p12_d4,overlap,16,decode_prepare,4,4,128,524,2,0.019968,0.019968,0.0204288,0.02048
overlap_p12_d4,overlap,16,decode_prepare,4,4,128,526,4,0.019456,0.020479999999999998,0.025855999999999997,0.026624
overlap_p12_d4,overlap,16,decode_prepare,8,4,128,512,1,1.96096,1.96096,1.96096,1.96096
overlap_p12_d4,overlap,16,decode_prepare,8,4,128,514,1,0.0256,0.0256,0.0256,0.0256
overlap_p12_d4,overlap,16,decode_prepare,8,4,128,516,1,0.191488,0.191488,0.191488,0.191488
overlap_p12_d4,overlap,16,decode_prepare,8,4,128,526,1,0.02048,0.02048,0.02048,0.02048
overlap_p12_d4,overlap,16,decode_prepare,12,4,128,512,1,0.013312,0.013312,0.013312,0.013312
overlap_p12_d4,overlap,16,decode_prepare,12,4,128,513,1,0.08704,0.08704,0.08704,0.08704
overlap_p12_d4,overlap,16,decode_prepare,12,4,128,514,1,0.014336,0.014336,0.014336,0.014336
overlap_p12_d4,overlap,16,decode_prepare,12,4,128,515,1,0.088064,0.088064,0.088064,0.088064
overlap_p12_d4,overlap,16,decode_sample,0,4,0,512,8,0.034244,0.034752,0.0366368,0.037376
overlap_p12_d4,overlap,16,decode_sample,0,4,0,513,10,0.0330176,0.03216,0.0365696,0.037664
overlap_p12_d4,overlap,16,decode_sample,0,4,0,514,10,0.0336608,0.033696000000000004,0.036256,0.036256
overlap_p12_d4,overlap,16,decode_sample,0,4,0,515,11,0.03272145454545455,0.03216,0.03472,0.035232
overlap_p12_d4,overlap,16,decode_sample,0,4,0,516,11,0.032616727272727276,0.032352,0.036144,0.037088
overlap_p12_d4,overlap,16,decode_sample,0,4,0,517,12,0.033104,0.032672,0.036224,0.03728
overlap_p12_d4,overlap,16,decode_sample,0,4,0,518,12,0.03284,0.032687999999999995,0.0356928,0.036256
overlap_p12_d4,overlap,16,decode_sample,0,4,0,519,12,0.03394666666666667,0.033696000000000004,0.0370608,0.039296
overlap_p12_d4,overlap,16,decode_sample,0,4,0,520,12,0.03224266666666667,0.03216,0.0346688,0.035232
overlap_p12_d4,overlap,16,decode_sample,0,4,0,521,12,0.032093333333333335,0.031648,0.0346688,0.035232
overlap_p12_d4,overlap,16,decode_sample,0,4,0,522,12,0.032696,0.032672,0.0353472,0.035488
overlap_p12_d4,overlap,16,decode_sample,0,4,0,523,11,0.03327418181818182,0.034208,0.036256,0.03728
overlap_p12_d4,overlap,16,decode_sample,0,4,0,524,10,0.0325728,0.031664,0.0363584,0.03728
overlap_p12_d4,overlap,16,decode_sample,0,4,0,525,12,0.03250133333333333,0.033152,0.0336448,0.034208
overlap_p12_d4,overlap,16,decode_sample,0,4,0,526,7,0.03289142857142857,0.031136,0.035948799999999996,0.036256
overlap_p12_d4,overlap,16,decode_sample,4,4,128,512,2,0.131616,0.131616,0.2083392,0.216864
overlap_p12_d4,overlap,16,decode_sample,4,4,128,513,1,0.073568,0.073568,0.073568,0.073568
overlap_p12_d4,overlap,16,decode_sample,4,4,128,523,1,0.04448,0.04448,0.04448,0.04448
overlap_p12_d4,overlap,16,decode_sample,4,4,128,524,2,0.113472,0.113472,0.1718784,0.178368
overlap_p12_d4,overlap,16,decode_sample,4,4,128,526,4,0.047672,0.048063999999999996,0.048848,0.048896
overlap_p12_d4,overlap,16,decode_sample,8,4,128,512,1,0.068448,0.068448,0.068448,0.068448
overlap_p12_d4,overlap,16,decode_sample,8,4,128,514,1,0.051232,0.051232,0.051232,0.051232
overlap_p12_d4,overlap,16,decode_sample,8,4,128,516,1,0.080288,0.080288,0.080288,0.080288
overlap_p12_d4,overlap,16,decode_sample,8,4,128,526,1,0.420704,0.420704,0.420704,0.420704
overlap_p12_d4,overlap,16,decode_sample,12,4,128,512,1,0.31088,0.31088,0.31088,0.31088
overlap_p12_d4,overlap,16,decode_sample,12,4,128,513,1,0.052992,0.052992,0.052992,0.052992
overlap_p12_d4,overlap,16,decode_sample,12,4,128,514,1,0.052032,0.052032,0.052032,0.052032
overlap_p12_d4,overlap,16,decode_sample,12,4,128,515,1,0.069408,0.069408,0.069408,0.069408
overlap_p12_d4,overlap,16,prefill_cache_commit,1,0,128,0,1,0.003072,0.003072,0.003072,0.003072
overlap_p12_d4,overlap,16,prefill_cache_commit,3,0,128,0,1,0.003072,0.003072,0.003072,0.003072
overlap_p12_d4,overlap,16,prefill_cache_commit,4,0,128,0,2,0.003072,0.003072,0.003072,0.003072
overlap_p12_d4,overlap,16,prefill_cache_commit,4,4,128,512,2,0.004096,0.004096,0.004096,0.004096
overlap_p12_d4,overlap,16,prefill_cache_commit,4,4,128,513,1,0.003072,0.003072,0.003072,0.003072
overlap_p12_d4,overlap,16,prefill_cache_commit,4,4,128,523,1,0.003072,0.003072,0.003072,0.003072
overlap_p12_d4,overlap,16,prefill_cache_commit,4,4,128,524,2,0.003584,0.003584,0.0040447999999999994,0.004096
overlap_p12_d4,overlap,16,prefill_cache_commit,4,4,128,526,4,0.003584,0.003584,0.004096,0.004096
overlap_p12_d4,overlap,16,prefill_cache_commit,8,4,128,512,1,0.004096,0.004096,0.004096,0.004096
overlap_p12_d4,overlap,16,prefill_cache_commit,8,4,128,514,1,0.004096,0.004096,0.004096,0.004096
overlap_p12_d4,overlap,16,prefill_cache_commit,8,4,128,516,1,0.003232,0.003232,0.003232,0.003232
overlap_p12_d4,overlap,16,prefill_cache_commit,8,4,128,526,1,0.003072,0.003072,0.003072,0.003072
overlap_p12_d4,overlap,16,prefill_cache_commit,12,0,128,0,5,0.0036864,0.004096,0.004096,0.004096
overlap_p12_d4,overlap,16,prefill_cache_commit,12,4,128,512,1,0.003488,0.003488,0.003488,0.003488
overlap_p12_d4,overlap,16,prefill_cache_commit,12,4,128,513,1,0.004096,0.004096,0.004096,0.004096
overlap_p12_d4,overlap,16,prefill_cache_commit,12,4,128,514,1,0.004096,0.004096,0.004096,0.004096
overlap_p12_d4,overlap,16,prefill_cache_commit,12,4,128,515,1,0.003072,0.003072,0.003072,0.003072
overlap_p12_d4,overlap,16,prefill_engine,1,0,128,0,1,18.76992,18.76992,18.76992,18.76992
overlap_p12_d4,overlap,16,prefill_engine,3,0,128,0,1,36.794369,36.794369,36.794369,36.794369
overlap_p12_d4,overlap,16,prefill_engine,4,0,128,0,2,40.997889,40.997889,41.0835978,41.093121
overlap_p12_d4,overlap,16,prefill_engine,4,4,128,512,2,51.868671500000005,51.868671500000005,58.57791905,59.323391
overlap_p12_d4,overlap,16,prefill_engine,4,4,128,513,1,43.421055,43.421055,43.421055,43.421055
overlap_p12_d4,overlap,16,prefill_engine,4,4,128,523,1,51.77549,51.77549,51.77549,51.77549
overlap_p12_d4,overlap,16,prefill_engine,4,4,128,524,2,56.9267195,56.9267195,58.563019849999996,58.744831
overlap_p12_d4,overlap,16,prefill_engine,4,4,128,526,4,53.32863975,53.424640499999995,55.11644105,55.151615
overlap_p12_d4,overlap,16,prefill_engine,8,4,128,512,1,98.707458,98.707458,98.707458,98.707458
overlap_p12_d4,overlap,16,prefill_engine,8,4,128,514,1,77.352959,77.352959,77.352959,77.352959
overlap_p12_d4,overlap,16,prefill_engine,8,4,128,516,1,106.247169,106.247169,106.247169,106.247169
overlap_p12_d4,overlap,16,prefill_engine,8,4,128,526,1,77.495682,77.495682,77.495682,77.495682
overlap_p12_d4,overlap,16,prefill_engine,12,0,128,0,5,133.440103,139.110397,145.2728364,146.65831
overlap_p12_d4,overlap,16,prefill_engine,12,4,128,512,1,156.257278,156.257278,156.257278,156.257278
overlap_p12_d4,overlap,16,prefill_engine,12,4,128,513,1,141.839355,141.839355,141.839355,141.839355
overlap_p12_d4,overlap,16,prefill_engine,12,4,128,514,1,152.622086,152.622086,152.622086,152.622086
overlap_p12_d4,overlap,16,prefill_engine,12,4,128,515,1,142.330887,142.330887,142.330887,142.330887
overlap_p12_d4,overlap,16,prefill_prepare,1,0,128,0,1,0.0768,0.0768,0.0768,0.0768
overlap_p12_d4,overlap,16,prefill_prepare,3,0,128,0,1,0.043616,0.043616,0.043616,0.043616
overlap_p12_d4,overlap,16,prefill_prepare,4,0,128,0,2,0.049312,0.049312,0.0497728,0.049824
overlap_p12_d4,overlap,16,prefill_prepare,4,4,128,512,2,0.050656,0.050656,0.052009599999999996,0.05216
overlap_p12_d4,overlap,16,prefill_prepare,4,4,128,513,1,0.049824,0.049824,0.049824,0.049824
overlap_p12_d4,overlap,16,prefill_prepare,4,4,128,523,1,0.051872,0.051872,0.051872,0.051872
overlap_p12_d4,overlap,16,prefill_prepare,4,4,128,524,2,0.050688,0.050688,0.0511488,0.0512
overlap_p12_d4,overlap,16,prefill_prepare,4,4,128,526,4,0.05316,0.053248,0.0549888,0.055296
overlap_p12_d4,overlap,16,prefill_prepare,8,4,128,512,1,0.068736,0.068736,0.068736,0.068736
overlap_p12_d4,overlap,16,prefill_prepare,8,4,128,514,1,0.07168,0.07168,0.07168,0.07168
overlap_p12_d4,overlap,16,prefill_prepare,8,4,128,516,1,0.071808,0.071808,0.071808,0.071808
overlap_p12_d4,overlap,16,prefill_prepare,8,4,128,526,1,0.069728,0.069728,0.069728,0.069728
overlap_p12_d4,overlap,16,prefill_prepare,12,0,128,0,5,0.0922112,0.093792,0.0949568,0.095232
overlap_p12_d4,overlap,16,prefill_prepare,12,4,128,512,1,0.088928,0.088928,0.088928,0.088928
overlap_p12_d4,overlap,16,prefill_prepare,12,4,128,513,1,0.091072,0.091072,0.091072,0.091072
overlap_p12_d4,overlap,16,prefill_prepare,12,4,128,514,1,0.0904,0.0904,0.0904,0.0904
overlap_p12_d4,overlap,16,prefill_prepare,12,4,128,515,1,0.091136,0.091136,0.091136,0.091136
overlap_p12_d4,overlap,16,prefill_sample,4,4,128,512,1,0.032576,0.032576,0.032576,0.032576
overlap_p12_d4,overlap,16,prefill_sample,4,4,128,524,1,0.035648,0.035648,0.035648,0.035648
overlap_p12_d4,overlap,16,prefill_sample,8,4,128,516,1,0.05296,0.05296,0.05296,0.05296
overlap_p12_d4,overlap,16,prefill_sample,12,0,128,0,2,0.071664,0.071664,0.0752208,0.075616
overlap_p12_d4,overlap,16,prefill_sample,12,4,128,512,1,0.072544,0.072544,0.072544,0.072544
overlap_p12_d4,overlap,16,prefill_sample,12,4,128,514,1,0.0664,0.0664,0.0664,0.0664
overlap_p12_d4,overlap,16,prefill_sample,12,4,128,515,1,0.070496,0.070496,0.070496,0.070496
overlap_p14_d2,overlap,16,decode_engine,0,2,0,512,16,7.084352,7.0768640000000005,7.163136,7.17312
overlap_p14_d2,overlap,16,decode_engine,0,2,0,513,20,7.0247936,7.013375999999999,7.0642176,7.174144
overlap_p14_d2,overlap,16,decode_engine,0,2,0,514,23,7.0094135652173915,7.007232,7.026688,7.052288
overlap_p14_d2,overlap,16,decode_engine,0,2,0,515,24,7.019050666666667,7.013888,7.0337024,7.0912
overlap_p14_d2,overlap,16,decode_engine,0,2,0,516,24,7.014377333333333,7.010816,7.0316544,7.036928
overlap_p14_d2,overlap,16,decode_engine,0,2,0,517,24,7.021226666666667,7.0144,7.0496256,7.0656
overlap_p14_d2,overlap,16,decode_engine,0,2,0,518,24,7.021056,7.014912000000001,7.0415872,7.072768
overlap_p14_d2,overlap,16,decode_engine,0,2,0,519,24,7.021013333333333,7.009792,7.0488576,7.100416
overlap_p14_d2,overlap,16,decode_engine,0,2,0,520,24,7.018496,7.012864,7.0414336,7.05024
overlap_p14_d2,overlap,16,decode_engine,0,2,0,521,24,7.014528,7.007232,7.0383616,7.038976
overlap_p14_d2,overlap,16,decode_engine,0,2,0,522,24,7.02592,7.022592,7.0477312,7.100416
overlap_p14_d2,overlap,16,decode_engine,0,2,0,523,24,7.016192,7.010816,7.0431744,7.047168
overlap_p14_d2,overlap,16,decode_engine,0,2,0,524,23,7.020818086956521,7.011328,7.0596768,7.112704
overlap_p14_d2,overlap,16,decode_engine,0,2,0,525,19,7.014777263157895,7.00928,7.043788800000001,7.05024
overlap_p14_d2,overlap,16,decode_engine,0,2,0,526,10,7.01328,7.011328,7.0311936,7.03488
overlap_p14_d2,overlap,16,decode_engine,2,2,128,512,3,12.215296,12.47744,12.4829696,12.483584
overlap_p14_d2,overlap,16,decode_engine,2,2,128,513,1,11.482112,11.482112,11.482112,11.482112
overlap_p14_d2,overlap,16,decode_engine,2,2,128,514,1,11.506688,11.506688,11.506688,11.506688
overlap_p14_d2,overlap,16,decode_engine,2,2,128,524,1,11.636736,11.636736,11.636736,11.636736
overlap_p14_d2,overlap,16,decode_engine,2,2,128,525,4,11.505664,11.501567999999999,12.4256768,12.486656
overlap_p14_d2,overlap,16,decode_engine,2,2,128,526,8,11.50784,11.774464,12.0838656,12.105728
overlap_p14_d2,overlap,16,decode_engine,4,2,128,512,1,14.226432,14.226432,14.226432,14.226432
overlap_p14_d2,overlap,16,decode_engine,4,2,128,525,1,13.416448,13.416448,13.416448,13.416448
overlap_p14_d2,overlap,16,decode_engine,4,2,128,526,4,15.63008,15.673856,16.0684032,16.088064
overlap_p14_d2,overlap,16,decode_engine,6,2,128,512,2,19.4959355,19.4959355,20.65162145,20.780031
overlap_p14_d2,overlap,16,decode_engine,6,2,128,513,1,18.207745,18.207745,18.207745,18.207745
overlap_p14_d2,overlap,16,decode_engine,6,2,128,526,1,20.41856,20.41856,20.41856,20.41856
overlap_p14_d2,overlap,16,decode_engine,8,2,128,513,2,21.409280000000003,21.409280000000003,21.8161664,21.861376
overlap_p14_d2,overlap,16,decode_engine,8,2,128,526,1,24.265728,24.265728,24.265728,24.265728
overlap_p14_d2,overlap,16,decode_engine,10,2,128,512,1,29.35808,29.35808,29.35808,29.35808
overlap_p14_d2,overlap,16,decode_engine,12,2,128,512,1,34.538494,34.538494,34.538494,34.538494
overlap_p14_d2,overlap,16,decode_prepare,0,2,0,512,16,0.017154,0.017231999999999997,0.018056000000000003,0.01808
overlap_p14_d2,overlap,16,decode_prepare,0,2,0,513,20,0.0167904,0.016608,0.0173776,0.017408
overlap_p14_d2,overlap,16,decode_prepare,0,2,0,514,23,0.01689182608695652,0.017056,0.017408,0.017536
overlap_p14_d2,overlap,16,decode_prepare,0,2,0,515,24,0.016921333333333333,0.017136,0.017408,0.01744
overlap_p14_d2,overlap,16,decode_prepare,0,2,0,516,24,0.016977333333333334,0.0168,0.017408,0.02048
overlap_p14_d2,overlap,16,decode_prepare,0,2,0,517,24,0.016869333333333333,0.0168,0.017408,0.017408
overlap_p14_d2,overlap,16,decode_prepare,0,2,0,518,24,0.017064,0.016576,0.019318399999999996,0.021504
overlap_p14_d2,overlap,16,decode_prepare,0,2,0,519,24,0.016813333333333333,0.016672,0.017408,0.01744
overlap_p14_d2,overlap,16,decode_prepare,0,2,0,520,24,0.016962666666666668,0.017024,0.0175312,0.0176
overlap_p14_d2,overlap,16,decode_prepare,0,2,0,521,24,0.016869333333333333,0.01688,0.017408,0.017472
overlap_p14_d2,overlap,16,decode_prepare,0,2,0,522,24,0.016966666666666668,0.017104,0.017408,0.017408
overlap_p14_d2,overlap,16,decode_prepare,0,2,0,523,24,0.016884,0.01688,0.017408,0.017472
overlap_p14_d2,overlap,16,decode_prepare,0,2,0,524,23,0.01687095652173913,0.016832,0.017408,0.01744
overlap_p14_d2,overlap,16,decode_prepare,0,2,0,525,19,0.016818526315789475,0.016832,0.017408,0.017408
overlap_p14_d2,overlap,16,decode_prepare,0,2,0,526,10,0.0170272,0.017023999999999997,0.017408,0.017408
overlap_p14_d2,overlap,16,decode_prepare,2,2,128,512,3,0.019456,0.019456,0.019456,0.019456
overlap_p14_d2,overlap,16,decode_prepare,2,2,128,513,1,0.022528,0.022528,0.022528,0.022528
overlap_p14_d2,overlap,16,decode_prepare,2,2,128,514,1,0.019456,0.019456,0.019456,0.019456
overlap_p14_d2,overlap,16,decode_prepare,2,2,128,524,1,0.017408,0.017408,0.017408,0.017408
overlap_p14_d2,overlap,16,decode_prepare,2,2,128,525,4,0.02176,0.017408,0.036863999999999994,0.039936
overlap_p14_d2,overlap,16,decode_prepare,2,2,128,526,8,0.01984,0.019456,0.03717119999999999,0.045056
overlap_p14_d2,overlap,16,decode_prepare,4,2,128,512,1,0.027648,0.027648,0.027648,0.027648
overlap_p14_d2,overlap,16,decode_prepare,4,2,128,525,1,0.022528,0.022528,0.022528,0.022528
overlap_p14_d2,overlap,16,decode_prepare,4,2,128,526,4,0.018176,0.01792,0.0211968,0.021504
overlap_p14_d2,overlap,16,decode_prepare,6,2,128,512,2,0.020479999999999998,0.020479999999999998,0.0214016,0.021504
overlap_p14_d2,overlap,16,decode_prepare,6,2,128,513,1,0.014336,0.014336,0.014336,0.014336
overlap_p14_d2,overlap,16,decode_prepare,6,2,128,526,1,0.019456,0.019456,0.019456,0.019456
overlap_p14_d2,overlap,16,decode_prepare,8,2,128,513,2,1.0787840000000002,1.0787840000000002,2.030336,2.136064
overlap_p14_d2,overlap,16,decode_prepare,8,2,128,526,1,1.622016,1.622016,1.622016,1.622016
overlap_p14_d2,overlap,16,decode_prepare,10,2,128,512,1,0.011264,0.011264,0.011264,0.011264
overlap_p14_d2,overlap,16,decode_prepare,12,2,128,512,1,0.011264,0.011264,0.011264,0.011264
overlap_p14_d2,overlap,16,decode_sample,0,2,0,512,16,0.021134,0.020496,0.02504,0.026048
overlap_p14_d2,overlap,16,decode_sample,0,2,0,513,20,0.02088,0.021008,0.0249936,0.025024
overlap_p14_d2,overlap,16,decode_sample,0,2,0,514,23,0.02030191304347826,0.019872,0.022976,0.023968
overlap_p14_d2,overlap,16,decode_sample,0,2,0,515,24,0.021528,0.021471999999999998,0.024745599999999996,0.025024
overlap_p14_d2,overlap,16,decode_sample,0,2,0,516,24,0.021772,0.021952,0.024136,0.024992
overlap_p14_d2,overlap,16,decode_sample,0,2,0,517,24,0.020098666666666667,0.019888000000000003,0.022976,0.022976
overlap_p14_d2,overlap,16,decode_sample,0,2,0,518,24,0.020634666666666666,0.019904,0.022976,0.024992
overlap_p14_d2,overlap,16,decode_sample,0,2,0,519,24,0.021042666666666668,0.020896,0.024,0.024992
overlap_p14_d2,overlap,16,decode_sample,0,2,0,520,24,0.021002666666666666,0.020928,0.0240544,0.025024
overlap_p14_d2,overlap,16,decode_sample,0,2,0,521,24,0.021130666666666666,0.020416,0.024838399999999997,0.025024
overlap_p14_d2,overlap,16,decode_sample,0,2,0,522,24,0.021054666666666666,0.020912,0.0239952,0.024992
overlap_p14_d2,overlap,16,decode_sample,0,2,0,523,24,0.020914666666666668,0.0204,0.024716799999999997,0.0296
overlap_p14_d2,overlap,16,decode_sample,0,2,0,524,23,0.02087930434782609,0.020928,0.0239968,0.024
overlap_p14_d2,overlap,16,decode_sample,0,2,0,525,19,0.019789473684210527,0.01888,0.0241024,0.025024
overlap_p14_d2,overlap,16,decode_sample,0,2,0,526,10,0.0200736,0.019888000000000003,0.021952,0.021952
overlap_p14_d2,overlap,16,decode_sample,2,2,128,512,3,0.08163200000000001,0.047584,0.15688,0.169024
overlap_p14_d2,overlap,16,decode_sample,2,2,128,513,1,0.021472,0.021472,0.021472,0.021472
overlap_p14_d2,overlap,16,decode_sample,2,2,128,514,1,0.029888,0.029888,0.029888,0.029888
overlap_p14_d2,overlap,16,decode_sample,2,2,128,524,1,0.169088,0.169088,0.169088,0.169088
overlap_p14_d2,overlap,16,decode_sample,2,2,128,525,4,0.025464,0.024752,0.028900799999999997,0.029376
overlap_p14_d2,overlap,16,decode_sample,2,2,128,526,8,0.063428,0.03224,0.166056,0.16656
overlap_p14_d2,overlap,16,decode_sample,4,2,128,512,1,0.14512,0.14512,0.14512,0.14512
overlap_p14_d2,overlap,16,decode_sample,4,2,128,525,1,0.045312,0.045312,0.045312,0.045312
overlap_p14_d2,overlap,16,decode_sample,4,2,128,526,4,0.042608,0.035935999999999996,0.06812159999999998,0.073152
overlap_p14_d2,overlap,16,decode_sample,6,2,128,512,2,0.030624,0.030624,0.031142399999999997,0.0312
overlap_p14_d2,overlap,16,decode_sample,6,2,128,513,1,0.041824,0.041824,0.041824,0.041824
overlap_p14_d2,overlap,16,decode_sample,6,2,128,526,1,0.02736,0.02736,0.02736,0.02736
overlap_p14_d2,overlap,16,decode_sample,8,2,128,513,2,0.051664,0.051664,0.0609808,0.062016
overlap_p14_d2,overlap,16,decode_sample,8,2,128,526,1,0.04592,0.04592,0.04592,0.04592
overlap_p14_d2,overlap,16,decode_sample,10,2,128,512,1,0.039136,0.039136,0.039136,0.039136
overlap_p14_d2,overlap,16,decode_sample,12,2,128,512,1,0.196896,0.196896,0.196896,0.196896
overlap_p14_d2,overlap,16,prefill_cache_commit,1,0,128,0,2,0.004096,0.004096,0.004096,0.004096
overlap_p14_d2,overlap,16,prefill_cache_commit,2,0,128,0,2,0.003072,0.003072,0.003072,0.003072
overlap_p14_d2,overlap,16,prefill_cache_commit,2,2,128,512,3,0.0037546666666666666,0.004096,0.004096,0.004096
overlap_p14_d2,overlap,16,prefill_cache_commit,2,2,128,513,1,0.003072,0.003072,0.003072,0.003072
overlap_p14_d2,overlap,16,prefill_cache_commit,2,2,128,514,1,0.003552,0.003552,0.003552,0.003552
overlap_p14_d2,overlap,16,prefill_cache_commit,2,2,128,524,1,0.003072,0.003072,0.003072,0.003072
overlap_p14_d2,overlap,16,prefill_cache_commit,2,2,128,525,4,0.0038399999999999997,0.004096,0.004096,0.004096
overlap_p14_d2,overlap,16,prefill_cache_commit,2,2,128,526,8,0.003364,0.003072,0.004096,0.004096
overlap_p14_d2,overlap,16,prefill_cache_commit,4,2,128,512,1,0.003072,0.003072,0.003072,0.003072
overlap_p14_d2,overlap,16,prefill_cache_commit,4,2,128,525,1,0.003072,0.003072,0.003072,0.003072
overlap_p14_d2,overlap,16,prefill_cache_commit,4,2,128,526,4,0.003688,0.0037920000000000002,0.004096,0.004096
overlap_p14_d2,overlap,16,prefill_cache_commit,6,2,128,512,2,0.004096,0.004096,0.004096,0.004096
overlap_p14_d2,overlap,16,prefill_cache_commit,6,2,128,513,1,0.003072,0.003072,0.003072,0.003072
overlap_p14_d2,overlap,16,prefill_cache_commit,6,2,128,526,1,0.004096,0.004096,0.004096,0.004096
overlap_p14_d2,overlap,16,prefill_cache_commit,8,2,128,513,2,0.004096,0.004096,0.004096,0.004096
overlap_p14_d2,overlap,16,prefill_cache_commit,8,2,128,526,1,0.003072,0.003072,0.003072,0.003072
overlap_p14_d2,overlap,16,prefill_cache_commit,10,2,128,512,1,0.004096,0.004096,0.004096,0.004096
overlap_p14_d2,overlap,16,prefill_cache_commit,12,2,128,512,1,0.003072,0.003072,0.003072,0.003072
overlap_p14_d2,overlap,16,prefill_cache_commit,14,0,128,0,4,0.0038399999999999997,0.004096,0.004096,0.004096
overlap_p14_d2,overlap,16,prefill_engine,1,0,128,0,2,19.314175499999997,19.314175499999997,19.87681185,19.939327
overlap_p14_d2,overlap,16,prefill_engine,2,0,128,0,2,24.322560000000003,24.322560000000003,24.3303936,24.331264
overlap_p14_d2,overlap,16,prefill_engine,2,2,128,512,3,29.640362333333336,27.999231,32.6514696,33.168385
overlap_p14_d2,overlap,16,prefill_engine,2,2,128,513,1,35.025921,35.025921,35.025921,35.025921
overlap_p14_d2,overlap,16,prefill_engine,2,2,128,514,1,35.101696,35.101696,35.101696,35.101696
overlap_p14_d2,overlap,16,prefill_engine,2,2,128,524,1,30.518272,30.518272,30.518272,30.518272
overlap_p14_d2,overlap,16,prefill_engine,2,2,128,525,4,30.38960025,29.9491205,34.54643215,34.849792
overlap_p14_d2,overlap,16,prefill_engine,2,2,128,526,8,30.982399875,30.6974725,34.330572749999995,34.969601
overlap_p14_d2,overlap,16,prefill_engine,4,2,128,512,1,57.227264,57.227264,57.227264,57.227264
overlap_p14_d2,overlap,16,prefill_engine,4,2,128,525,1,54.887424,54.887424,54.887424,54.887424
overlap_p14_d2,overlap,16,prefill_engine,4,2,128,526,4,43.91526325,43.85792,44.3711478,44.419071
overlap_p14_d2,overlap,16,prefill_engine,6,2,128,512,2,80.647171,80.647171,84.65521030000001,85.100548
overlap_p14_d2,overlap,16,prefill_engine,6,2,128,513,1,83.497986,83.497986,83.497986,83.497986
overlap_p14_d2,overlap,16,prefill_engine,6,2,128,526,1,77.893631,77.893631,77.893631,77.893631
overlap_p14_d2,overlap,16,prefill_engine,8,2,128,513,2,99.8272625,99.8272625,100.77783395,100.883453
overlap_p14_d2,overlap,16,prefill_engine,8,2,128,526,1,95.297539,95.297539,95.297539,95.297539
overlap_p14_d2,overlap,16,prefill_engine,10,2,128,512,1,123.618301,123.618301,123.618301,123.618301
overlap_p14_d2,overlap,16,prefill_engine,12,2,128,512,1,145.089539,145.089539,145.089539,145.089539
overlap_p14_d2,overlap,16,prefill_engine,14,0,128,0,4,151.4071025,154.61068699999998,170.454934,172.211197
overlap_p14_d2,overlap,16,prefill_prepare,1,0,128,0,2,0.054560000000000004,0.054560000000000004,0.0772832,0.079808
overlap_p14_d2,overlap,16,prefill_prepare,2,0,128,0,2,0.033792,0.033792,0.033792,0.033792
overlap_p14_d2,overlap,16,prefill_prepare,2,2,128,512,3,0.034709333333333335,0.034656,0.0348,0.034816
overlap_p14_d2,overlap,16,prefill_prepare,2,2,128,513,1,0.033792,0.033792,0.033792,0.033792
overlap_p14_d2,overlap,16,prefill_prepare,2,2,128,514,1,0.034816,0.034816,0.034816,0.034816
overlap_p14_d2,overlap,16,prefill_prepare,2,2,128,524,1,0.035424,0.035424,0.035424,0.035424
overlap_p14_d2,overlap,16,prefill_prepare,2,2,128,525,4,0.033976,0.03408,0.0343952,0.0344
overlap_p14_d2,overlap,16,prefill_prepare,2,2,128,526,8,0.035404,0.034288,0.04036479999999999,0.043008
overlap_p14_d2,overlap,16,prefill_prepare,4,2,128,512,1,0.050176,0.050176,0.050176,0.050176
overlap_p14_d2,overlap,16,prefill_prepare,4,2,128,525,1,0.048064,0.048064,0.048064,0.048064
overlap_p14_d2,overlap,16,prefill_prepare,4,2,128,526,4,0.049096,0.04904,0.0500224,0.050176
overlap_p14_d2,overlap,16,prefill_prepare,6,2,128,512,2,0.056768,0.056768,0.057171200000000005,0.057216
overlap_p14_d2,overlap,16,prefill_prepare,6,2,128,513,1,0.057344,0.057344,0.057344,0.057344
overlap_p14_d2,overlap,16,prefill_prepare,6,2,128,526,1,0.057344,0.057344,0.057344,0.057344
overlap_p14_d2,overlap,16,prefill_prepare,8,2,128,513,2,0.070064,0.070064,0.0713744,0.07152
overlap_p14_d2,overlap,16,prefill_prepare,8,2,128,526,1,0.070656,0.070656,0.070656,0.070656
overlap_p14_d2,overlap,16,prefill_prepare,10,2,128,512,1,0.078816,0.078816,0.078816,0.078816
overlap_p14_d2,overlap,16,prefill_prepare,12,2,128,512,1,0.089088,0.089088,0.089088,0.089088
overlap_p14_d2,overlap,16,prefill_prepare,14,0,128,0,4,0.09980800000000001,0.09984,0.1020928,0.1024
overlap_p14_d2,overlap,16,prefill_sample,2,2,128,513,1,0.020288,0.020288,0.020288,0.020288
overlap_p14_d2,overlap,16,prefill_sample,2,2,128,514,1,0.022336,0.022336,0.022336,0.022336
overlap_p14_d2,overlap,16,prefill_sample,2,2,128,525,1,0.02336,0.02336,0.02336,0.02336
overlap_p14_d2,overlap,16,prefill_sample,2,2,128,526,1,0.020288,0.020288,0.020288,0.020288
overlap_p14_d2,overlap,16,prefill_sample,4,2,128,512,1,0.032576,0.032576,0.032576,0.032576
overlap_p14_d2,overlap,16,prefill_sample,4,2,128,525,1,0.03872,0.03872,0.03872,0.03872
overlap_p14_d2,overlap,16,prefill_sample,6,2,128,512,1,0.045888,0.045888,0.045888,0.045888
overlap_p14_d2,overlap,16,prefill_sample,6,2,128,513,1,0.042816,0.042816,0.042816,0.042816
overlap_p14_d2,overlap,16,prefill_sample,6,2,128,526,1,0.043872,0.043872,0.043872,0.043872
overlap_p14_d2,overlap,16,prefill_sample,8,2,128,513,2,0.053472,0.053472,0.053932799999999996,0.053984
overlap_p14_d2,overlap,16,prefill_sample,10,2,128,512,1,0.06336,0.06336,0.06336,0.06336
overlap_p14_d2,overlap,16,prefill_sample,12,2,128,512,1,0.069472,0.069472,0.069472,0.069472
overlap_p14_d2,overlap,16,prefill_sample,14,0,128,0,1,0.084864,0.084864,0.084864,0.084864
overlap_p15_d1,overlap,16,decode_engine,0,1,0,512,35,6.985347657142857,6.959104,7.1683072,7.18848
overlap_p15_d1,overlap,16,decode_engine,0,1,0,513,48,6.957479333333334,6.934016,7.0779904,7.156736
overlap_p15_d1,overlap,16,decode_engine,0,1,0,514,48,6.942250666666666,6.935552,6.9792256,7.027712
overlap_p15_d1,overlap,16,decode_engine,0,1,0,515,48,6.9373906666666665,6.931456,6.9658624,6.975488
overlap_p15_d1,overlap,16,decode_engine,0,1,0,516,48,6.940288,6.931456,6.972518399999999,7.146496
overlap_p15_d1,overlap,16,decode_engine,0,1,0,517,48,6.9610666666666665,6.934016,7.044454399999999,7.405568
overlap_p15_d1,overlap,16,decode_engine,0,1,0,518,48,6.949034666666667,6.935040000000001,6.9921792,7.245824
overlap_p15_d1,overlap,16,decode_engine,0,1,0,519,48,6.937450666666667,6.9329920000000005,6.9536256000000005,7.025664
overlap_p15_d1,overlap,16,decode_engine,0,1,0,520,48,6.939733333333334,6.93248,6.9892096,7.01952
overlap_p15_d1,overlap,16,decode_engine,0,1,0,521,48,6.942933333333333,6.930432,7.0299136,7.05024
overlap_p15_d1,overlap,16,decode_engine,0,1,0,522,48,6.95648,6.944255999999999,7.0396416,7.201792
overlap_p15_d1,overlap,16,decode_engine,0,1,0,523,48,6.952704,6.948864,6.981273600000001,7.005184
overlap_p15_d1,overlap,16,decode_engine,0,1,0,524,48,6.951402666666667,6.944255999999999,6.991104,7.000064
overlap_p15_d1,overlap,16,decode_engine,0,1,0,525,43,6.951938976744186,6.946816,6.980608,7.002112
overlap_p15_d1,overlap,16,decode_engine,0,1,0,526,18,6.953699555555556,6.948864,6.992128,7.022592
overlap_p15_d1,overlap,16,decode_engine,1,1,128,512,5,9.6489472,9.652224,9.8002944,9.821184
overlap_p15_d1,overlap,16,decode_engine,1,1,128,525,5,9.5428608,9.63072,9.7026048,9.708544
overlap_p15_d1,overlap,16,decode_engine,1,1,128,526,5,9.5741952,9.537536,9.799270400000001,9.808896
overlap_p15_d1,overlap,16,decode_engine,2,1,128,512,1,11.921408,11.921408,11.921408,11.921408
overlap_p15_d1,overlap,16,decode_engine,2,1,128,526,14,11.607405714285715,11.803135999999999,11.998208,12.051456
overlap_p15_d1,overlap,16,decode_engine,3,1,128,512,4,11.944704,11.949056,12.146944,12.163072
overlap_p15_d1,overlap,16,decode_engine,3,1,128,526,2,12.590592000000001,12.590592000000001,13.073049600000001,13.126656
overlap_p15_d1,overlap,16,decode_engine,4,1,128,526,1,13.9008,13.9008,13.9008,13.9008
overlap_p15_d1,overlap,16,decode_engine,5,1,128,512,1,17.642496,17.642496,17.642496,17.642496
overlap_p15_d1,overlap,16,decode_engine,5,1,128,526,3,17.077931333333332,16.836609,17.824563299999998,17.934336
overlap_p15_d1,overlap,16,decode_engine,6,1,128,512,2,17.793536,17.793536,17.799526399999998,17.800192
overlap_p15_d1,overlap,16,decode_engine,6,1,128,526,5,18.549145,18.189312,20.4167158,20.938751
overlap_p15_d1,overlap,16,decode_prepare,0,1,0,512,35,0.01732662857142857,0.016384,0.018620799999999996,0.043264
overlap_p15_d1,overlap,16,decode_prepare,0,1,0,513,48,0.016576,0.016384,0.017408,0.018272
overlap_p15_d1,overlap,16,decode_prepare,0,1,0,514,48,0.016235333333333334,0.016384,0.0169856,0.01728
overlap_p15_d1,overlap,16,decode_prepare,0,1,0,515,48,0.016314,0.016384,0.0170768,0.019456
overlap_p15_d1,overlap,16,decode_prepare,0,1,0,516,48,0.016410666666666667,0.016384,0.0173744,0.01968
overlap_p15_d1,overlap,16,decode_prepare,0,1,0,517,48,0.016984,0.016384,0.020787199999999995,0.02176
overlap_p15_d1,overlap,16,decode_prepare,0,1,0,518,48,0.017006666666666666,0.016384,0.0194336,0.034816
overlap_p15_d1,overlap,16,decode_prepare,0,1,0,519,48,0.01622,0.016288,0.0165216,0.01904
overlap_p15_d1,overlap,16,decode_prepare,0,1,0,520,48,0.016888666666666666,0.016384,0.0171296,0.032768
overlap_p15_d1,overlap,16,decode_prepare,0,1,0,521,48,0.016701333333333332,0.016384,0.0194336,0.019488
overlap_p15_d1,overlap,16,decode_prepare,0,1,0,522,48,0.017468666666666667,0.016384,0.025556799999999984,0.036704
overlap_p15_d1,overlap,16,decode_prepare,0,1,0,523,48,0.016191999999999998,0.016336,0.0166048,0.019456
overlap_p15_d1,overlap,16,decode_prepare,0,1,0,524,48,0.01646,0.016368,0.016384,0.029632
overlap_p15_d1,overlap,16,decode_prepare,0,1,0,525,43,0.016220279069767442,0.016384,0.016416,0.019776
overlap_p15_d1,overlap,16,decode_prepare,0,1,0,526,18,0.01631466666666667,0.016368,0.017070400000000003,0.017152
overlap_p15_d1,overlap,16,decode_prepare,1,1,128,512,5,0.0161664,0.018432,0.018432,0.018432
overlap_p15_d1,overlap,16,decode_prepare,1,1,128,525,5,0.021504000000000002,0.018432,0.035225599999999996,0.038912
overlap_p15_d1,overlap,16,decode_prepare,1,1,128,526,5,0.024576,0.019456,0.0415744,0.047104
overlap_p15_d1,overlap,16,decode_prepare,2,1,128,512,1,0.01536,0.01536,0.01536,0.01536
overlap_p15_d1,overlap,16,decode_prepare,2,1,128,526,14,0.022966857142857143,0.018944000000000003,0.0461312,0.048128
overlap_p15_d1,overlap,16,decode_prepare,3,1,128,512,4,0.014592,0.013824,0.019712,0.02048
overlap_p15_d1,overlap,16,decode_prepare,3,1,128,526,2,0.012288,0.012288,0.0141312,0.014336
overlap_p15_d1,overlap,16,decode_prepare,4,1,128,526,1,0.011264,0.011264,0.011264,0.011264
overlap_p15_d1,overlap,16,decode_prepare,5,1,128,512,1,0.123904,0.123904,0.123904,0.123904
overlap_p15_d1,overlap,16,decode_prepare,5,1,128,526,3,0.048128,0.017408,0.10864639999999998,0.118784
overlap_p15_d1,overlap,16,decode_prepare,6,1,128,512,2,0.015872,0.015872,0.0172544,0.017408
overlap_p15_d1,overlap,16,decode_prepare,6,1,128,526,5,0.017203200000000002,0.017408,0.0190464,0.019456
overlap_p15_d1,overlap,16,decode_sample,0,1,0,512,35,0.021818514285714286,0.020928,0.0245984,0.03424
overlap_p15_d1,overlap,16,decode_sample,0,1,0,513,48,0.020966666666666668,0.020896,0.024,0.025024
overlap_p15_d1,overlap,16,decode_sample,0,1,0,514,48,0.021366666666666666,0.021424,0.025024,0.02592
overlap_p15_d1,overlap,16,decode_sample,0,1,0,515,48,0.021678666666666666,0.021952,0.024992,0.025024
overlap_p15_d1,overlap,16,decode_sample,0,1,0,516,48,0.021027333333333332,0.020896,0.024644799999999998,0.025024
overlap_p15_d1,overlap,16,decode_sample,0,1,0,517,48,0.021363333333333335,0.021263999999999998,0.024992,0.026048
overlap_p15_d1,overlap,16,decode_sample,0,1,0,518,48,0.021220666666666665,0.020928,0.024992,0.025024
overlap_p15_d1,overlap,16,decode_sample,0,1,0,519,48,0.021232,0.020896,0.0248912,0.025024
overlap_p15_d1,overlap,16,decode_sample,0,1,0,520,48,0.021157333333333334,0.020928,0.024,0.025024
overlap_p15_d1,overlap,16,decode_sample,0,1,0,521,48,0.021354,0.020896,0.0240416,0.032192
overlap_p15_d1,overlap,16,decode_sample,0,1,0,522,48,0.021356,0.021935999999999997,0.0243392,0.025024
overlap_p15_d1,overlap,16,decode_sample,0,1,0,523,48,0.021442666666666665,0.02192,0.024992,0.02512
overlap_p15_d1,overlap,16,decode_sample,0,1,0,524,48,0.020825333333333335,0.020912,0.0239888,0.025024
overlap_p15_d1,overlap,16,decode_sample,0,1,0,525,43,0.021649116279069767,0.02192,0.0250208,0.025056
overlap_p15_d1,overlap,16,decode_sample,0,1,0,526,18,0.021658666666666666,0.021935999999999997,0.024148799999999998,0.024992
overlap_p15_d1,overlap,16,decode_sample,1,1,128,512,5,0.0252032,0.026112,0.0289408,0.029568
overlap_p15_d1,overlap,16,decode_sample,1,1,128,525,5,0.021952000000000003,0.019904,0.025811200000000003,0.026048
overlap_p15_d1,overlap,16,decode_sample,1,1,128,526,5,0.0274688,0.019904,0.04732159999999999,0.052384
overlap_p15_d1,overlap,16,decode_sample,2,1,128,512,1,0.106368,0.106368,0.106368,0.106368
overlap_p15_d1,overlap,16,decode_sample,2,1,128,526,14,0.02660342857142857,0.024224000000000002,0.0383824,0.04144
overlap_p15_d1,overlap,16,decode_sample,3,1,128,512,4,0.055368,0.0236,0.13492479999999996,0.154528
overlap_p15_d1,overlap,16,decode_sample,3,1,128,526,2,0.043216000000000004,0.043216000000000004,0.0519856,0.05296
overlap_p15_d1,overlap,16,decode_sample,4,1,128,526,1,0.029024,0.029024,0.029024,0.029024
overlap_p15_d1,overlap,16,decode_sample,5,1,128,512,1,0.080064,0.080064,0.080064,0.080064
overlap_p15_d1,overlap,16,decode_sample,5,1,128,526,3,0.04929066666666667,0.048384,0.0724032,0.075072
overlap_p15_d1,overlap,16,decode_sample,6,1,128,512,2,0.108544,0.108544,0.1112512,0.111552
overlap_p15_d1,overlap,16,decode_sample,6,1,128,526,5,0.0497728,0.035424,0.10152319999999998,0.11792
overlap_p15_d1,overlap,16,prefill_cache_commit,1,0,128,0,3,0.0034346666666666666,0.003136,0.004,0.004096
overlap_p15_d1,overlap,16,prefill_cache_commit,1,1,128,512,5,0.0034944,0.003136,0.004096,0.004096
overlap_p15_d1,overlap,16,prefill_cache_commit,1,1,128,525,5,0.0035583999999999998,0.003456,0.004096,0.004096
overlap_p15_d1,overlap,16,prefill_cache_commit,1,1,128,526,5,0.0036864,0.004096,0.004096,0.004096
overlap_p15_d1,overlap,16,prefill_cache_commit,2,1,128,512,1,0.003072,0.003072,0.003072,0.003072
overlap_p15_d1,overlap,16,prefill_cache_commit,2,1,128,526,14,0.003426285714285714,0.003168,0.004096,0.004096
overlap_p15_d1,overlap,16,prefill_cache_commit,3,1,128,512,4,0.0038399999999999997,0.004096,0.004096,0.004096
overlap_p15_d1,overlap,16,prefill_cache_commit,3,1,128,526,2,0.004096,0.004096,0.004096,0.004096
overlap_p15_d1,overlap,16,prefill_cache_commit,4,1,128,526,1,0.003072,0.003072,0.003072,0.003072
overlap_p15_d1,overlap,16,prefill_cache_commit,5,1,128,512,1,0.003072,0.003072,0.003072,0.003072
overlap_p15_d1,overlap,16,prefill_cache_commit,5,1,128,526,3,0.0030933333333333334,0.003072,0.0031295999999999997,0.003136
overlap_p15_d1,overlap,16,prefill_cache_commit,6,1,128,512,2,0.00368,0.00368,0.0040544,0.004096
overlap_p15_d1,overlap,16,prefill_cache_commit,6,1,128,526,5,0.0036864,0.004096,0.004096,0.004096
overlap_p15_d1,overlap,16,prefill_cache_commit,15,0,128,0,4,0.0038399999999999997,0.004096,0.004096,0.004096
overlap_p15_d1,overlap,16,prefill_engine,1,0,128,0,3,18.500746333333332,18.358273,18.790876,18.838943
overlap_p15_d1,overlap,16,prefill_engine,1,1,128,512,5,23.7371456,24.681473,25.982387199999998,25.995296
overlap_p15_d1,overlap,16,prefill_engine,1,1,128,525,5,22.731033800000002,23.962624,24.2543616,24.258944
overlap_p15_d1,overlap,16,prefill_engine,1,1,128,526,5,22.1919422,22.45232,23.6818426,23.929855
overlap_p15_d1,overlap,16,prefill_engine,2,1,128,512,1,27.737312,27.737312,27.737312,27.737312
overlap_p15_d1,overlap,16,prefill_engine,2,1,128,526,14,28.577813,27.512319499999997,33.0179802,33.031521
overlap_p15_d1,overlap,16,prefill_engine,3,1,128,512,4,47.59400825,47.6820965,48.6194698,48.728065
overlap_p15_d1,overlap,16,prefill_engine,3,1,128,526,2,44.4994545,44.4994545,45.03905175,45.099007
overlap_p15_d1,overlap,16,prefill_engine,4,1,128,526,1,52.560898,52.560898,52.560898,52.560898
overlap_p15_d1,overlap,16,prefill_engine,5,1,128,512,1,66.456573,66.456573,66.456573,66.456573
overlap_p15_d1,overlap,16,prefill_engine,5,1,128,526,3,65.772822,65.759682,66.5288139,66.614273
overlap_p15_d1,overlap,16,prefill_engine,6,1,128,512,2,79.42143999999999,79.42143999999999,79.4426368,79.444992
overlap_p15_d1,overlap,16,prefill_engine,6,1,128,526,5,79.38956759999999,79.400322,79.4322938,79.435776
overlap_p15_d1,overlap,16,prefill_engine,15,0,128,0,4,165.543938,168.63232449999998,186.8879909,188.968964
overlap_p15_d1,overlap,16,prefill_prepare,1,0,128,0,3,0.044928,0.027648,0.074304,0.079488
overlap_p15_d1,overlap,16,prefill_prepare,1,1,128,512,5,0.0289216,0.02864,0.0308352,0.03136
overlap_p15_d1,overlap,16,prefill_prepare,1,1,128,525,5,0.0287744,0.028704,0.030483200000000002,0.03072
overlap_p15_d1,overlap,16,prefill_prepare,1,1,128,526,5,0.028742399999999998,0.029216,0.0296576,0.029696
overlap_p15_d1,overlap,16,prefill_prepare,2,1,128,512,1,0.034816,0.034816,0.034816,0.034816
overlap_p15_d1,overlap,16,prefill_prepare,2,1,128,526,14,0.034786285714285714,0.034816,0.035809600000000004,0.035872
overlap_p15_d1,overlap,16,prefill_prepare,3,1,128,512,4,0.0392,0.039424,0.039936,0.039936
overlap_p15_d1,overlap,16,prefill_prepare,3,1,128,526,2,0.039424,0.039424,0.0398848,0.039936
overlap_p15_d1,overlap,16,prefill_prepare,4,1,128,526,1,0.048128,0.048128,0.048128,0.048128
overlap_p15_d1,overlap,16,prefill_prepare,5,1,128,512,1,0.050176,0.050176,0.050176,0.050176
overlap_p15_d1,overlap,16,prefill_prepare,5,1,128,526,3,0.05051733333333333,0.050176,0.0510976,0.0512
overlap_p15_d1,overlap,16,prefill_prepare,6,1,128,512,2,0.060416,0.060416,0.065024,0.065536
overlap_p15_d1,overlap,16,prefill_prepare,6,1,128,526,5,0.0561472,0.05632,0.057152,0.057312
overlap_p15_d1,overlap,16,prefill_prepare,15,0,128,0,4,0.105352,0.10606399999999999,0.10794880000000001,0.10816
overlap_p15_d1,overlap,16,prefill_sample,1,1,128,512,2,0.021808,0.021808,0.024097599999999997,0.024352
overlap_p15_d1,overlap,16,prefill_sample,2,1,128,526,3,0.022314666666666667,0.022304,0.0223328,0.022336
overlap_p15_d1,overlap,16,prefill_sample,3,1,128,512,4,0.027712,0.027456,0.0302208,0.030528
overlap_p15_d1,overlap,16,prefill_sample,3,1,128,526,1,0.02848,0.02848,0.02848,0.02848
overlap_p15_d1,overlap,16,prefill_sample,5,1,128,512,1,0.039776,0.039776,0.039776,0.039776
overlap_p15_d1,overlap,16,prefill_sample,5,1,128,526,3,0.03629866666666667,0.036096,0.0366432,0.036704
overlap_p15_d1,overlap,16,prefill_sample,6,1,128,512,2,0.044368000000000005,0.044368000000000005,0.0466864,0.046944
overlap_p15_d1,overlap,16,prefill_sample,6,1,128,526,5,0.0449216,0.044896,0.047379199999999996,0.047968
overlap_p15_d1,overlap,16,prefill_sample,15,0,128,0,1,0.089984,0.089984,0.089984,0.089984
